ISO-10303-21;
HEADER;
FILE_DESCRIPTION(('Open CASCADE Model'),'2;1');
FILE_NAME('Open CASCADE Shape Model','1970-01-01T00:00:00',('Author'),(
    'Open CASCADE'),'Open CASCADE STEP processor 7.8','Open CASCADE 7.8'
  ,'Unknown');
FILE_SCHEMA(('AUTOMOTIVE_DESIGN { 1 0 10303 214 1 1 1 1 }'));
ENDSEC;
DATA;
#1 = APPLICATION_PROTOCOL_DEFINITION('international standard',
  'automotive_design',2000,#2);
#2 = APPLICATION_CONTEXT(
  'core data for automotive mechanical design processes');
#3 = SHAPE_DEFINITION_REPRESENTATION(#4,#10);
#4 = PRODUCT_DEFINITION_SHAPE('','',#5);
#5 = PRODUCT_DEFINITION('design','',#6,#9);
#6 = PRODUCT_DEFINITION_FORMATION('','',#7);
#7 = PRODUCT('Open CASCADE STEP translator 7.8 1',
  'Open CASCADE STEP translator 7.8 1','',(#8));
#8 = PRODUCT_CONTEXT('',#2,'mechanical');
#9 = PRODUCT_DEFINITION_CONTEXT('part definition',#2,'design');
#10 = ADVANCED_BREP_SHAPE_REPRESENTATION('',(#11,#15),#2919);
#11 = AXIS2_PLACEMENT_3D('',#12,#13,#14);
#12 = CARTESIAN_POINT('',(0.,0.,0.));
#13 = DIRECTION('',(0.,0.,1.));
#14 = DIRECTION('',(1.,0.,-0.));
#15 = MANIFOLD_SOLID_BREP('',#16);
#16 = CLOSED_SHELL('',(#17,#318,#409,#454,#2034,#2113,#2146,#2151,#2156,
    #2161,#2166,#2171,#2176,#2181,#2186,#2191,#2196,#2201,#2206,#2211,
    #2216,#2221,#2226,#2231,#2236,#2241,#2246,#2251,#2256,#2261,#2266,
    #2271,#2360,#2405,#2489,#2527,#2686,#2794,#2854,#2914));
#17 = ADVANCED_FACE('',(#18,#255),#59,.F.);
#18 = FACE_BOUND('',#19,.F.);
#19 = EDGE_LOOP('',(#20,#142));
#20 = ORIENTED_EDGE('',*,*,#21,.T.);
#21 = EDGE_CURVE('',#22,#24,#26,.T.);
#22 = VERTEX_POINT('',#23);
#23 = CARTESIAN_POINT('',(7.16788268675E-15,-275.406791,473.62953751278)
  );
#24 = VERTEX_POINT('',#25);
#25 = CARTESIAN_POINT('',(1.988623428107E-14,-275.406791,681.33598157766
    ));
#26 = SURFACE_CURVE('',#27,(#58,#97),.PCURVE_S1.);
#27 = B_SPLINE_CURVE_WITH_KNOTS('',8,(#28,#29,#30,#31,#32,#33,#34,#35,
    #36,#37,#38,#39,#40,#41,#42,#43,#44,#45,#46,#47,#48,#49,#50,#51,#52,
    #53,#54,#55,#56,#57),.UNSPECIFIED.,.F.,.F.,(9,7,7,7,9),(0.,
    0.249999999999,0.499999999999,0.75,1.),.UNSPECIFIED.);
#28 = CARTESIAN_POINT('',(0.,-275.406791,473.62953751278));
#29 = CARTESIAN_POINT('',(-10.19327942347,-275.406791,473.62953751278));
#30 = CARTESIAN_POINT('',(-20.39320052996,-275.406791,474.7729433703));
#31 = CARTESIAN_POINT('',(-30.43976387901,-275.406791,477.06234743278));
#32 = CARTESIAN_POINT('',(-40.18382277432,-275.406791,480.47042961508));
#33 = CARTESIAN_POINT('',(-49.48379091786,-275.406791,484.9506417145));
#34 = CARTESIAN_POINT('',(-58.20663712679,-275.406791,490.43578164862));
#35 = CARTESIAN_POINT('',(-66.22758054434,-275.406791,496.83970499515));
#36 = CARTESIAN_POINT('',(-80.64305455008,-275.406791,511.25517900089));
#37 = CARTESIAN_POINT('',(-87.04697789651,-275.406791,519.27612241832));
#38 = CARTESIAN_POINT('',(-92.53211783085,-275.406791,527.99896862755));
#39 = CARTESIAN_POINT('',(-97.01232993001,-275.406791,537.29893677066));
#40 = CARTESIAN_POINT('',(-100.4204121124,-275.406791,547.04299566633));
#41 = CARTESIAN_POINT('',(-102.7098161749,-275.406791,557.0895590152));
#42 = CARTESIAN_POINT('',(-103.8532220324,-275.406791,567.28948012174));
#43 = CARTESIAN_POINT('',(-103.8532220324,-275.406791,587.67603896874));
#44 = CARTESIAN_POINT('',(-102.7098161749,-275.406791,597.87596007498));
#45 = CARTESIAN_POINT('',(-100.4204121123,-275.406791,607.9225234246));
#46 = CARTESIAN_POINT('',(-97.01232993027,-275.406791,617.66658231914));
#47 = CARTESIAN_POINT('',(-92.5321178306,-275.406791,626.96655046335));
#48 = CARTESIAN_POINT('',(-87.04697789668,-275.406791,635.68939667189));
#49 = CARTESIAN_POINT('',(-80.64305455005,-275.406791,643.71034008958));
#50 = CARTESIAN_POINT('',(-66.22758054441,-275.406791,658.12581409522));
#51 = CARTESIAN_POINT('',(-58.20663712658,-275.406791,664.52973744211));
#52 = CARTESIAN_POINT('',(-49.48379091829,-275.406791,670.01487737528));
#53 = CARTESIAN_POINT('',(-40.18382277383,-275.406791,674.49508947616));
#54 = CARTESIAN_POINT('',(-30.4397638794,-275.406791,677.90317165712));
#55 = CARTESIAN_POINT('',(-20.39320052979,-275.406791,680.1925757203));
#56 = CARTESIAN_POINT('',(-10.19327942352,-275.406791,681.33598157766));
#57 = CARTESIAN_POINT('',(0.,-275.406791,681.33598157766));
#58 = PCURVE('',#59,#64);
#59 = PLANE('',#60);
#60 = AXIS2_PLACEMENT_3D('',#61,#62,#63);
#61 = CARTESIAN_POINT('',(-305.9400000711,-275.406791,271.5427594741));
#62 = DIRECTION('',(-0.,1.,0.));
#63 = DIRECTION('',(0.,0.,1.));
#64 = DEFINITIONAL_REPRESENTATION('',(#65),#96);
#65 = B_SPLINE_CURVE_WITH_KNOTS('',8,(#66,#67,#68,#69,#70,#71,#72,#73,
    #74,#75,#76,#77,#78,#79,#80,#81,#82,#83,#84,#85,#86,#87,#88,#89,#90,
    #91,#92,#93,#94,#95),.UNSPECIFIED.,.F.,.F.,(9,7,7,7,9),(0.,
    0.249999999999,0.499999999999,0.75,1.),.UNSPECIFIED.);
#66 = CARTESIAN_POINT('',(202.08677803868,305.94000007112));
#67 = CARTESIAN_POINT('',(202.08677803868,295.74672064764));
#68 = CARTESIAN_POINT('',(203.2301838962,285.54679954115));
#69 = CARTESIAN_POINT('',(205.51958795868,275.5002361921));
#70 = CARTESIAN_POINT('',(208.92767014098,265.75617729679));
#71 = CARTESIAN_POINT('',(213.4078822404,256.45620915326));
#72 = CARTESIAN_POINT('',(218.89302217452,247.73336294433));
#73 = CARTESIAN_POINT('',(225.29694552105,239.71241952677));
#74 = CARTESIAN_POINT('',(239.71241952679,225.29694552104));
#75 = CARTESIAN_POINT('',(247.73336294422,218.8930221746));
#76 = CARTESIAN_POINT('',(256.45620915345,213.40788224027));
#77 = CARTESIAN_POINT('',(265.75617729656,208.92767014111));
#78 = CARTESIAN_POINT('',(275.50023619224,205.51958795862));
#79 = CARTESIAN_POINT('',(285.5467995411,203.23018389622));
#80 = CARTESIAN_POINT('',(295.74672064764,202.08677803868));
#81 = CARTESIAN_POINT('',(316.13327949465,202.08677803868));
#82 = CARTESIAN_POINT('',(326.33320060088,203.23018389618));
#83 = CARTESIAN_POINT('',(336.3797639505,205.51958795875));
#84 = CARTESIAN_POINT('',(346.12382284504,208.92767014085));
#85 = CARTESIAN_POINT('',(355.42379098925,213.40788224052));
#86 = CARTESIAN_POINT('',(364.14663719779,218.89302217444));
#87 = CARTESIAN_POINT('',(372.16758061548,225.29694552107));
#88 = CARTESIAN_POINT('',(386.58305462112,239.7124195267));
#89 = CARTESIAN_POINT('',(392.98697796801,247.73336294454));
#90 = CARTESIAN_POINT('',(398.47211790118,256.45620915282));
#91 = CARTESIAN_POINT('',(402.95233000206,265.75617729729));
#92 = CARTESIAN_POINT('',(406.36041218302,275.50023619171));
#93 = CARTESIAN_POINT('',(408.6498162462,285.54679954132));
#94 = CARTESIAN_POINT('',(409.79322210356,295.7467206476));
#95 = CARTESIAN_POINT('',(409.79322210356,305.94000007112));
#96 = ( GEOMETRIC_REPRESENTATION_CONTEXT(2) 
PARAMETRIC_REPRESENTATION_CONTEXT() REPRESENTATION_CONTEXT('2D SPACE',''
  ) );
#97 = PCURVE('',#98,#109);
#98 = SURFACE_OF_REVOLUTION('',#99,#106);
#99 = B_SPLINE_CURVE_WITH_KNOTS('',5,(#100,#101,#102,#103,#104,#105),
  .UNSPECIFIED.,.F.,.F.,(6,6),(1.95730796515,2.11023321459),
  .PIECEWISE_BEZIER_KNOTS.);
#100 = CARTESIAN_POINT('',(1.988623428107E-14,-275.406791,
    473.62953751278));
#101 = CARTESIAN_POINT('',(1.967306503355E-14,-272.1148055336,
    465.54078249456));
#102 = CARTESIAN_POINT('',(1.943987102297E-14,-268.5135764511,
    457.57788435049));
#103 = CARTESIAN_POINT('',(1.918706764E-14,-264.6095186554,
    449.75660712546));
#104 = CARTESIAN_POINT('',(1.891514851712E-14,-260.4102553424,
    442.09222291105));
#105 = CARTESIAN_POINT('',(1.862467977512E-14,-255.9245291497,
    434.59933384346));
#106 = AXIS1_PLACEMENT('',#107,#108);
#107 = CARTESIAN_POINT('',(2.760897063731E-15,-10.93918189499,
    577.48275954522));
#108 = DIRECTION('',(6.475400626674E-17,-1.,-6.585737027495E-19));
#109 = DEFINITIONAL_REPRESENTATION('',(#110),#141);
#110 = B_SPLINE_CURVE_WITH_KNOTS('',8,(#111,#112,#113,#114,#115,#116,
    #117,#118,#119,#120,#121,#122,#123,#124,#125,#126,#127,#128,#129,
    #130,#131,#132,#133,#134,#135,#136,#137,#138,#139,#140),
  .UNSPECIFIED.,.F.,.F.,(9,7,7,7,9),(0.,0.249999999999,0.499999999999,
    0.75,1.),.UNSPECIFIED.);
#111 = CARTESIAN_POINT('',(6.28318530718,1.95730796515));
#112 = CARTESIAN_POINT('',(6.185034482159,1.95730796515));
#113 = CARTESIAN_POINT('',(6.086819785855,1.95730796515));
#114 = CARTESIAN_POINT('',(5.988640369584,1.95730796515));
#115 = CARTESIAN_POINT('',(5.890486225484,1.95730796515));
#116 = CARTESIAN_POINT('',(5.792332081372,1.95730796515));
#117 = CARTESIAN_POINT('',(5.694152665109,1.95730796515));
#118 = CARTESIAN_POINT('',(5.595937968802,1.95730796515));
#119 = CARTESIAN_POINT('',(5.399636318762,1.95730796515));
#120 = CARTESIAN_POINT('',(5.301421622458,1.95730796515));
#121 = CARTESIAN_POINT('',(5.203242206188,1.95730796515));
#122 = CARTESIAN_POINT('',(5.105088062085,1.95730796515));
#123 = CARTESIAN_POINT('',(5.006933917977,1.95730796515));
#124 = CARTESIAN_POINT('',(4.90875450171,1.95730796515));
#125 = CARTESIAN_POINT('',(4.810539805405,1.95730796515));
#126 = CARTESIAN_POINT('',(4.614238155364,1.95730796515));
#127 = CARTESIAN_POINT('',(4.516023459062,1.95730796515));
#128 = CARTESIAN_POINT('',(4.417844042787,1.95730796515));
#129 = CARTESIAN_POINT('',(4.319689898693,1.95730796515));
#130 = CARTESIAN_POINT('',(4.221535754575,1.95730796515));
#131 = CARTESIAN_POINT('',(4.123356338315,1.95730796515));
#132 = CARTESIAN_POINT('',(4.025141642007,1.95730796515));
#133 = CARTESIAN_POINT('',(3.828839991968,1.95730796515));
#134 = CARTESIAN_POINT('',(3.730625295659,1.95730796515));
#135 = CARTESIAN_POINT('',(3.632445879399,1.95730796515));
#136 = CARTESIAN_POINT('',(3.534291735284,1.95730796515));
#137 = CARTESIAN_POINT('',(3.436137591186,1.95730796515));
#138 = CARTESIAN_POINT('',(3.337958174914,1.95730796515));
#139 = CARTESIAN_POINT('',(3.23974347861,1.95730796515));
#140 = CARTESIAN_POINT('',(3.14159265359,1.95730796515));
#141 = ( GEOMETRIC_REPRESENTATION_CONTEXT(2) 
PARAMETRIC_REPRESENTATION_CONTEXT() REPRESENTATION_CONTEXT('2D SPACE',''
  ) );
#142 = ORIENTED_EDGE('',*,*,#143,.T.);
#143 = EDGE_CURVE('',#24,#22,#144,.T.);
#144 = SURFACE_CURVE('',#145,(#176,#210),.PCURVE_S1.);
#145 = B_SPLINE_CURVE_WITH_KNOTS('',8,(#146,#147,#148,#149,#150,#151,
    #152,#153,#154,#155,#156,#157,#158,#159,#160,#161,#162,#163,#164,
    #165,#166,#167,#168,#169,#170,#171,#172,#173,#174,#175),
  .UNSPECIFIED.,.F.,.F.,(9,7,7,7,9),(0.,0.249999999999,0.499999999999,
    0.749999999999,1.),.UNSPECIFIED.);
#146 = CARTESIAN_POINT('',(0.,-275.406791,681.33598157766));
#147 = CARTESIAN_POINT('',(10.193279423478,-275.406791,681.33598157766)
  );
#148 = CARTESIAN_POINT('',(20.393200529957,-275.406791,680.19257572018)
  );
#149 = CARTESIAN_POINT('',(30.439763879091,-275.406791,677.90317165751)
  );
#150 = CARTESIAN_POINT('',(40.18382277416,-275.406791,674.49508947561));
#151 = CARTESIAN_POINT('',(49.483790918058,-275.406791,670.01487737571)
  );
#152 = CARTESIAN_POINT('',(58.20663712667,-275.406791,664.52973744195));
#153 = CARTESIAN_POINT('',(66.227580544381,-275.406791,658.12581409526)
  );
#154 = CARTESIAN_POINT('',(80.643054550077,-275.406791,643.71034008956)
  );
#155 = CARTESIAN_POINT('',(87.046977896559,-275.406791,635.68939667209)
  );
#156 = CARTESIAN_POINT('',(92.53211783078,-275.406791,626.96655046292));
#157 = CARTESIAN_POINT('',(97.012329930083,-275.406791,617.66658231977)
  );
#158 = CARTESIAN_POINT('',(100.42041211246,-275.406791,607.92252342409)
  );
#159 = CARTESIAN_POINT('',(102.7098161749,-275.406791,597.87596007526));
#160 = CARTESIAN_POINT('',(103.85322203243,-275.406791,587.67603896869)
  );
#161 = CARTESIAN_POINT('',(103.85322203243,-275.406791,567.28948012175)
  );
#162 = CARTESIAN_POINT('',(102.7098161749,-275.406791,557.08955901526));
#163 = CARTESIAN_POINT('',(100.42041211247,-275.406791,547.04299566621)
  );
#164 = CARTESIAN_POINT('',(97.012329930083,-275.406791,537.29893677087)
  );
#165 = CARTESIAN_POINT('',(92.532117830787,-275.406791,527.9989686274));
#166 = CARTESIAN_POINT('',(87.046977896569,-275.406791,519.2761224184));
#167 = CARTESIAN_POINT('',(80.643054550081,-275.406791,511.25517900088)
  );
#168 = CARTESIAN_POINT('',(66.227580544344,-275.406791,496.83970499515)
  );
#169 = CARTESIAN_POINT('',(58.206637126854,-275.406791,490.43578164867)
  );
#170 = CARTESIAN_POINT('',(49.483790917748,-275.406791,484.95064171442)
  );
#171 = CARTESIAN_POINT('',(40.183822774478,-275.406791,480.47042961515)
  );
#172 = CARTESIAN_POINT('',(30.439763878921,-275.406791,477.06234743274)
  );
#173 = CARTESIAN_POINT('',(20.39320053001,-275.406791,474.77294337031));
#174 = CARTESIAN_POINT('',(10.193279423474,-275.406791,473.62953751278)
  );
#175 = CARTESIAN_POINT('',(0.,-275.406791,473.62953751278));
#176 = PCURVE('',#59,#177);
#177 = DEFINITIONAL_REPRESENTATION('',(#178),#209);
#178 = B_SPLINE_CURVE_WITH_KNOTS('',8,(#179,#180,#181,#182,#183,#184,
    #185,#186,#187,#188,#189,#190,#191,#192,#193,#194,#195,#196,#197,
    #198,#199,#200,#201,#202,#203,#204,#205,#206,#207,#208),
  .UNSPECIFIED.,.F.,.F.,(9,7,7,7,9),(0.,0.249999999999,0.499999999999,
    0.749999999999,1.),.UNSPECIFIED.);
#179 = CARTESIAN_POINT('',(409.79322210356,305.94000007112));
#180 = CARTESIAN_POINT('',(409.79322210356,316.1332794946));
#181 = CARTESIAN_POINT('',(408.64981624608,326.33320060108));
#182 = CARTESIAN_POINT('',(406.36041218342,336.37976395021));
#183 = CARTESIAN_POINT('',(402.95233000151,346.12382284528));
#184 = CARTESIAN_POINT('',(398.47211790161,355.42379098918));
#185 = CARTESIAN_POINT('',(392.98697796785,364.14663719779));
#186 = CARTESIAN_POINT('',(386.58305462116,372.1675806155));
#187 = CARTESIAN_POINT('',(372.16758061546,386.5830546212));
#188 = CARTESIAN_POINT('',(364.14663719799,392.98697796768));
#189 = CARTESIAN_POINT('',(355.42379098882,398.4721179019));
#190 = CARTESIAN_POINT('',(346.12382284567,402.9523300012));
#191 = CARTESIAN_POINT('',(336.37976394999,406.36041218359));
#192 = CARTESIAN_POINT('',(326.33320060116,408.64981624603));
#193 = CARTESIAN_POINT('',(316.13327949459,409.79322210356));
#194 = CARTESIAN_POINT('',(295.74672064765,409.79322210356));
#195 = CARTESIAN_POINT('',(285.54679954116,408.64981624603));
#196 = CARTESIAN_POINT('',(275.50023619211,406.3604121836));
#197 = CARTESIAN_POINT('',(265.75617729677,402.9523300012));
#198 = CARTESIAN_POINT('',(256.4562091533,398.47211790191));
#199 = CARTESIAN_POINT('',(247.7333629443,392.98697796769));
#200 = CARTESIAN_POINT('',(239.71241952678,386.5830546212));
#201 = CARTESIAN_POINT('',(225.29694552105,372.16758061546));
#202 = CARTESIAN_POINT('',(218.89302217457,364.14663719798));
#203 = CARTESIAN_POINT('',(213.40788224032,355.42379098887));
#204 = CARTESIAN_POINT('',(208.92767014106,346.1238228456));
#205 = CARTESIAN_POINT('',(205.51958795864,336.37976395004));
#206 = CARTESIAN_POINT('',(203.23018389621,326.33320060113));
#207 = CARTESIAN_POINT('',(202.08677803868,316.1332794946));
#208 = CARTESIAN_POINT('',(202.08677803868,305.94000007112));
#209 = ( GEOMETRIC_REPRESENTATION_CONTEXT(2) 
PARAMETRIC_REPRESENTATION_CONTEXT() REPRESENTATION_CONTEXT('2D SPACE',''
  ) );
#210 = PCURVE('',#211,#222);
#211 = SURFACE_OF_REVOLUTION('',#212,#219);
#212 = B_SPLINE_CURVE_WITH_KNOTS('',5,(#213,#214,#215,#216,#217,#218),
  .UNSPECIFIED.,.F.,.F.,(6,6),(1.95730796515,2.11023321459),
  .PIECEWISE_BEZIER_KNOTS.);
#213 = CARTESIAN_POINT('',(1.988623428107E-14,-275.406791,
    473.62953751278));
#214 = CARTESIAN_POINT('',(1.967306503355E-14,-272.1148055336,
    465.54078249456));
#215 = CARTESIAN_POINT('',(1.943987102297E-14,-268.5135764511,
    457.57788435049));
#216 = CARTESIAN_POINT('',(1.918706764E-14,-264.6095186554,
    449.75660712546));
#217 = CARTESIAN_POINT('',(1.891514851712E-14,-260.4102553424,
    442.09222291105));
#218 = CARTESIAN_POINT('',(1.862467977512E-14,-255.9245291497,
    434.59933384346));
#219 = AXIS1_PLACEMENT('',#220,#221);
#220 = CARTESIAN_POINT('',(2.760897063731E-15,-10.93918189499,
    577.48275954522));
#221 = DIRECTION('',(6.475400626674E-17,-1.,-6.585737027495E-19));
#222 = DEFINITIONAL_REPRESENTATION('',(#223),#254);
#223 = B_SPLINE_CURVE_WITH_KNOTS('',8,(#224,#225,#226,#227,#228,#229,
    #230,#231,#232,#233,#234,#235,#236,#237,#238,#239,#240,#241,#242,
    #243,#244,#245,#246,#247,#248,#249,#250,#251,#252,#253),
  .UNSPECIFIED.,.F.,.F.,(9,7,7,7,9),(0.,0.249999999999,0.499999999999,
    0.749999999999,1.),.UNSPECIFIED.);
#224 = CARTESIAN_POINT('',(3.14159265359,1.95730796515));
#225 = CARTESIAN_POINT('',(3.04344182857,1.95730796515));
#226 = CARTESIAN_POINT('',(2.945227132265,1.95730796515));
#227 = CARTESIAN_POINT('',(2.847047715994,1.95730796515));
#228 = CARTESIAN_POINT('',(2.748893571896,1.95730796515));
#229 = CARTESIAN_POINT('',(2.650739427781,1.95730796515));
#230 = CARTESIAN_POINT('',(2.55256001152,1.95730796515));
#231 = CARTESIAN_POINT('',(2.454345315212,1.95730796515));
#232 = CARTESIAN_POINT('',(2.258043665172,1.95730796515));
#233 = CARTESIAN_POINT('',(2.159828968867,1.95730796515));
#234 = CARTESIAN_POINT('',(2.0616495526,1.95730796515));
#235 = CARTESIAN_POINT('',(1.963495408494,1.95730796515));
#236 = CARTESIAN_POINT('',(1.865341264388,1.95730796515));
#237 = CARTESIAN_POINT('',(1.76716184812,1.95730796515));
#238 = CARTESIAN_POINT('',(1.668947151815,1.95730796515));
#239 = CARTESIAN_POINT('',(1.472645501775,1.95730796515));
#240 = CARTESIAN_POINT('',(1.37443080547,1.95730796515));
#241 = CARTESIAN_POINT('',(1.276251389202,1.95730796515));
#242 = CARTESIAN_POINT('',(1.178097245096,1.95730796515));
#243 = CARTESIAN_POINT('',(1.07994310099,1.95730796515));
#244 = CARTESIAN_POINT('',(0.981763684723,1.95730796515));
#245 = CARTESIAN_POINT('',(0.883548988418,1.95730796515));
#246 = CARTESIAN_POINT('',(0.687247338377,1.95730796515));
#247 = CARTESIAN_POINT('',(0.589032642072,1.95730796515));
#248 = CARTESIAN_POINT('',(0.490853225804,1.95730796515));
#249 = CARTESIAN_POINT('',(0.3926990817,1.95730796515));
#250 = CARTESIAN_POINT('',(0.294544937592,1.95730796515));
#251 = CARTESIAN_POINT('',(0.196365521326,1.95730796515));
#252 = CARTESIAN_POINT('',(9.815082502005E-02,1.95730796515));
#253 = CARTESIAN_POINT('',(0.,1.95730796515));
#254 = ( GEOMETRIC_REPRESENTATION_CONTEXT(2) 
PARAMETRIC_REPRESENTATION_CONTEXT() REPRESENTATION_CONTEXT('2D SPACE',''
  ) );
#255 = FACE_BOUND('',#256,.F.);
#256 = EDGE_LOOP('',(#257,#292));
#257 = ORIENTED_EDGE('',*,*,#258,.T.);
#258 = EDGE_CURVE('',#259,#261,#263,.T.);
#259 = VERTEX_POINT('',#260);
#260 = CARTESIAN_POINT('',(8.805017734337E-15,-275.4067912371,
    486.99775954522));
#261 = VERTEX_POINT('',#262);
#262 = CARTESIAN_POINT('',(1.988623429642E-14,-275.4067912371,
    667.96775954522));
#263 = SURFACE_CURVE('',#264,(#269,#280),.PCURVE_S1.);
#264 = CIRCLE('',#265,90.485);
#265 = AXIS2_PLACEMENT_3D('',#266,#267,#268);
#266 = CARTESIAN_POINT('',(1.988623429642E-14,-275.4067912371,
    577.48275954522));
#267 = DIRECTION('',(6.475400626674E-17,-1.,-6.585737027495E-19));
#268 = DIRECTION('',(-0.,-6.585737027495E-19,1.));
#269 = PCURVE('',#59,#270);
#270 = DEFINITIONAL_REPRESENTATION('',(#271),#279);
#271 = ( BOUNDED_CURVE() B_SPLINE_CURVE(2,(#272,#273,#274,#275,#276,#277
,#278),.UNSPECIFIED.,.T.,.F.) B_SPLINE_CURVE_WITH_KNOTS((1,2,2,2,2,1),(
    -2.094395102393,0.,2.094395102393,4.188790204786,6.28318530718,
8.377580409573),.UNSPECIFIED.) CURVE() GEOMETRIC_REPRESENTATION_ITEM() 
RATIONAL_B_SPLINE_CURVE((1.,0.5,1.,0.5,1.,0.5,1.)) REPRESENTATION_ITEM(
  '') );
#272 = CARTESIAN_POINT('',(396.42500007112,305.94000007112));
#273 = CARTESIAN_POINT('',(396.42500007112,149.21538274825));
#274 = CARTESIAN_POINT('',(260.69750007112,227.57769140969));
#275 = CARTESIAN_POINT('',(124.97000007112,305.94000007112));
#276 = CARTESIAN_POINT('',(260.69750007112,384.30230873256));
#277 = CARTESIAN_POINT('',(396.42500007112,462.66461739399));
#278 = CARTESIAN_POINT('',(396.42500007112,305.94000007112));
#279 = ( GEOMETRIC_REPRESENTATION_CONTEXT(2) 
PARAMETRIC_REPRESENTATION_CONTEXT() REPRESENTATION_CONTEXT('2D SPACE',''
  ) );
#280 = PCURVE('',#281,#286);
#281 = PLANE('',#282);
#282 = AXIS2_PLACEMENT_3D('',#283,#284,#285);
#283 = CARTESIAN_POINT('',(1.988623429642E-14,-275.4067912371,
    577.48275954522));
#284 = DIRECTION('',(6.475400626674E-17,-1.,-6.585737027495E-19));
#285 = DIRECTION('',(0.,-6.585737027495E-19,1.));
#286 = DEFINITIONAL_REPRESENTATION('',(#287),#291);
#287 = CIRCLE('',#288,90.485);
#288 = AXIS2_PLACEMENT_2D('',#289,#290);
#289 = CARTESIAN_POINT('',(0.,0.));
#290 = DIRECTION('',(1.,0.));
#291 = ( GEOMETRIC_REPRESENTATION_CONTEXT(2) 
PARAMETRIC_REPRESENTATION_CONTEXT() REPRESENTATION_CONTEXT('2D SPACE',''
  ) );
#292 = ORIENTED_EDGE('',*,*,#293,.T.);
#293 = EDGE_CURVE('',#261,#259,#294,.T.);
#294 = SURFACE_CURVE('',#295,(#300,#311),.PCURVE_S1.);
#295 = CIRCLE('',#296,90.485);
#296 = AXIS2_PLACEMENT_3D('',#297,#298,#299);
#297 = CARTESIAN_POINT('',(1.988623429642E-14,-275.4067912371,
    577.48275954522));
#298 = DIRECTION('',(6.475400626674E-17,-1.,-6.585737027495E-19));
#299 = DIRECTION('',(-0.,-6.585737027495E-19,1.));
#300 = PCURVE('',#59,#301);
#301 = DEFINITIONAL_REPRESENTATION('',(#302),#310);
#302 = ( BOUNDED_CURVE() B_SPLINE_CURVE(2,(#303,#304,#305,#306,#307,#308
,#309),.UNSPECIFIED.,.T.,.F.) B_SPLINE_CURVE_WITH_KNOTS((1,2,2,2,2,1),(
    -2.094395102393,0.,2.094395102393,4.188790204786,6.28318530718,
8.377580409573),.UNSPECIFIED.) CURVE() GEOMETRIC_REPRESENTATION_ITEM() 
RATIONAL_B_SPLINE_CURVE((1.,0.5,1.,0.5,1.,0.5,1.)) REPRESENTATION_ITEM(
  '') );
#303 = CARTESIAN_POINT('',(396.42500007112,305.94000007112));
#304 = CARTESIAN_POINT('',(396.42500007112,149.21538274825));
#305 = CARTESIAN_POINT('',(260.69750007112,227.57769140969));
#306 = CARTESIAN_POINT('',(124.97000007112,305.94000007112));
#307 = CARTESIAN_POINT('',(260.69750007112,384.30230873256));
#308 = CARTESIAN_POINT('',(396.42500007112,462.66461739399));
#309 = CARTESIAN_POINT('',(396.42500007112,305.94000007112));
#310 = ( GEOMETRIC_REPRESENTATION_CONTEXT(2) 
PARAMETRIC_REPRESENTATION_CONTEXT() REPRESENTATION_CONTEXT('2D SPACE',''
  ) );
#311 = PCURVE('',#281,#312);
#312 = DEFINITIONAL_REPRESENTATION('',(#313),#317);
#313 = CIRCLE('',#314,90.485);
#314 = AXIS2_PLACEMENT_2D('',#315,#316);
#315 = CARTESIAN_POINT('',(0.,0.));
#316 = DIRECTION('',(1.,0.));
#317 = ( GEOMETRIC_REPRESENTATION_CONTEXT(2) 
PARAMETRIC_REPRESENTATION_CONTEXT() REPRESENTATION_CONTEXT('2D SPACE',''
  ) );
#318 = ADVANCED_FACE('',(#319),#98,.F.);
#319 = FACE_BOUND('',#320,.F.);
#320 = EDGE_LOOP('',(#321,#345,#386,#408));
#321 = ORIENTED_EDGE('',*,*,#322,.F.);
#322 = EDGE_CURVE('',#323,#22,#325,.T.);
#323 = VERTEX_POINT('',#324);
#324 = CARTESIAN_POINT('',(-7.249255241952E-15,-255.9245291497,
    434.59933384346));
#325 = SURFACE_CURVE('',#326,(#331,#338),.PCURVE_S1.);
#326 = CIRCLE('',#327,285.53135282642);
#327 = AXIS2_PLACEMENT_3D('',#328,#329,#330);
#328 = CARTESIAN_POINT('',(3.22388563078E-15,-10.93918189499,
    581.26334809836));
#329 = DIRECTION('',(-1.,-6.475400626674E-17,1.224646799147E-16));
#330 = DIRECTION('',(1.224646799147E-16,-6.585737027495E-19,1.));
#331 = PCURVE('',#98,#332);
#332 = DEFINITIONAL_REPRESENTATION('',(#333),#337);
#333 = LINE('',#334,#335);
#334 = CARTESIAN_POINT('',(6.28318530718,6.28318530718));
#335 = VECTOR('',#336,1.);
#336 = DIRECTION('',(0.,-1.));
#337 = ( GEOMETRIC_REPRESENTATION_CONTEXT(2) 
PARAMETRIC_REPRESENTATION_CONTEXT() REPRESENTATION_CONTEXT('2D SPACE',''
  ) );
#338 = PCURVE('',#211,#339);
#339 = DEFINITIONAL_REPRESENTATION('',(#340),#344);
#340 = LINE('',#341,#342);
#341 = CARTESIAN_POINT('',(0.,6.28318530718));
#342 = VECTOR('',#343,1.);
#343 = DIRECTION('',(0.,-1.));
#344 = ( GEOMETRIC_REPRESENTATION_CONTEXT(2) 
PARAMETRIC_REPRESENTATION_CONTEXT() REPRESENTATION_CONTEXT('2D SPACE',''
  ) );
#345 = ORIENTED_EDGE('',*,*,#346,.F.);
#346 = EDGE_CURVE('',#347,#323,#349,.T.);
#347 = VERTEX_POINT('',#348);
#348 = CARTESIAN_POINT('',(1.862467977512E-14,-255.9245291497,
    720.36618524699));
#349 = SURFACE_CURVE('',#350,(#355,#362),.PCURVE_S1.);
#350 = CIRCLE('',#351,142.88342570176);
#351 = AXIS2_PLACEMENT_3D('',#352,#353,#354);
#352 = CARTESIAN_POINT('',(1.862467977512E-14,-255.9245291497,
    577.48275954522));
#353 = DIRECTION('',(6.475400626674E-17,-1.,-6.585737027495E-19));
#354 = DIRECTION('',(-0.,-6.585737027495E-19,1.));
#355 = PCURVE('',#98,#356);
#356 = DEFINITIONAL_REPRESENTATION('',(#357),#361);
#357 = LINE('',#358,#359);
#358 = CARTESIAN_POINT('',(3.14159265359,2.11023321459));
#359 = VECTOR('',#360,1.);
#360 = DIRECTION('',(1.,0.));
#361 = ( GEOMETRIC_REPRESENTATION_CONTEXT(2) 
PARAMETRIC_REPRESENTATION_CONTEXT() REPRESENTATION_CONTEXT('2D SPACE',''
  ) );
#362 = PCURVE('',#363,#380);
#363 = SURFACE_OF_REVOLUTION('',#364,#377);
#364 = B_SPLINE_CURVE_WITH_KNOTS('',6,(#365,#366,#367,#368,#369,#370,
    #371,#372,#373,#374,#375,#376),.UNSPECIFIED.,.F.,.F.,(7,5,7),(
    2.11023321459,2.62591293409,3.14159265359),.UNSPECIFIED.);
#365 = CARTESIAN_POINT('',(1.862467977512E-14,-255.9245291497,
    434.59933384346));
#366 = CARTESIAN_POINT('',(1.78206680665E-14,-243.5081281425,
    413.85916572625));
#367 = CARTESIAN_POINT('',(1.687814401564E-14,-228.9526727322,
    394.39957732708));
#368 = CARTESIAN_POINT('',(1.580779691862E-14,-212.4232383585,
    376.49631844031));
#369 = CARTESIAN_POINT('',(1.462339029929E-14,-194.1323759453,
    360.39683920464));
#370 = CARTESIAN_POINT('',(1.334126997546E-14,-174.3325149367,
    346.3077524029));
#371 = CARTESIAN_POINT('',(1.061781149621E-14,-132.2739824031,
    322.46732054602));
#372 = CARTESIAN_POINT('',(9.176473720157E-15,-110.0153167367,
    312.71597881176));
#373 = CARTESIAN_POINT('',(7.673631859132E-15,-86.80683979965,
    305.2919988992));
#374 = CARTESIAN_POINT('',(6.129161150976E-15,-62.95548608118,
    300.3058375222));
#375 = CARTESIAN_POINT('',(4.56387930566E-15,-38.78274472417,
    297.81275947409));
#376 = CARTESIAN_POINT('',(2.998597242306E-15,-14.61,297.8127594741));
#377 = AXIS1_PLACEMENT('',#378,#379);
#378 = CARTESIAN_POINT('',(2.998597242306E-15,-14.61,577.48275954522));
#379 = DIRECTION('',(6.475400626674E-17,-1.,-6.585737027495E-19));
#380 = DEFINITIONAL_REPRESENTATION('',(#381),#385);
#381 = LINE('',#382,#383);
#382 = CARTESIAN_POINT('',(3.14159265359,2.11023321459));
#383 = VECTOR('',#384,1.);
#384 = DIRECTION('',(1.,0.));
#385 = ( GEOMETRIC_REPRESENTATION_CONTEXT(2) 
PARAMETRIC_REPRESENTATION_CONTEXT() REPRESENTATION_CONTEXT('2D SPACE',''
  ) );
#386 = ORIENTED_EDGE('',*,*,#387,.T.);
#387 = EDGE_CURVE('',#347,#24,#388,.T.);
#388 = SURFACE_CURVE('',#389,(#394,#401),.PCURVE_S1.);
#389 = CIRCLE('',#390,285.53135282642);
#390 = AXIS2_PLACEMENT_3D('',#391,#392,#393);
#391 = CARTESIAN_POINT('',(2.760897063731E-15,-10.93918189499,
    573.70217099209));
#392 = DIRECTION('',(1.,6.475400626674E-17,4.264528567495E-35));
#393 = DIRECTION('',(0.,6.585737027495E-19,-1.));
#394 = PCURVE('',#98,#395);
#395 = DEFINITIONAL_REPRESENTATION('',(#396),#400);
#396 = LINE('',#397,#398);
#397 = CARTESIAN_POINT('',(3.14159265359,6.28318530718));
#398 = VECTOR('',#399,1.);
#399 = DIRECTION('',(0.,-1.));
#400 = ( GEOMETRIC_REPRESENTATION_CONTEXT(2) 
PARAMETRIC_REPRESENTATION_CONTEXT() REPRESENTATION_CONTEXT('2D SPACE',''
  ) );
#401 = PCURVE('',#211,#402);
#402 = DEFINITIONAL_REPRESENTATION('',(#403),#407);
#403 = LINE('',#404,#405);
#404 = CARTESIAN_POINT('',(3.14159265359,6.28318530718));
#405 = VECTOR('',#406,1.);
#406 = DIRECTION('',(0.,-1.));
#407 = ( GEOMETRIC_REPRESENTATION_CONTEXT(2) 
PARAMETRIC_REPRESENTATION_CONTEXT() REPRESENTATION_CONTEXT('2D SPACE',''
  ) );
#408 = ORIENTED_EDGE('',*,*,#21,.F.);
#409 = ADVANCED_FACE('',(#410),#211,.F.);
#410 = FACE_BOUND('',#411,.F.);
#411 = EDGE_LOOP('',(#412,#451,#452,#453));
#412 = ORIENTED_EDGE('',*,*,#413,.F.);
#413 = EDGE_CURVE('',#323,#347,#414,.T.);
#414 = SURFACE_CURVE('',#415,(#420,#427),.PCURVE_S1.);
#415 = CIRCLE('',#416,142.88342570176);
#416 = AXIS2_PLACEMENT_3D('',#417,#418,#419);
#417 = CARTESIAN_POINT('',(1.862467977512E-14,-255.9245291497,
    577.48275954522));
#418 = DIRECTION('',(6.475400626674E-17,-1.,-6.585737027495E-19));
#419 = DIRECTION('',(-0.,-6.585737027495E-19,1.));
#420 = PCURVE('',#211,#421);
#421 = DEFINITIONAL_REPRESENTATION('',(#422),#426);
#422 = LINE('',#423,#424);
#423 = CARTESIAN_POINT('',(-3.14159265359,2.11023321459));
#424 = VECTOR('',#425,1.);
#425 = DIRECTION('',(1.,0.));
#426 = ( GEOMETRIC_REPRESENTATION_CONTEXT(2) 
PARAMETRIC_REPRESENTATION_CONTEXT() REPRESENTATION_CONTEXT('2D SPACE',''
  ) );
#427 = PCURVE('',#428,#445);
#428 = SURFACE_OF_REVOLUTION('',#429,#442);
#429 = B_SPLINE_CURVE_WITH_KNOTS('',6,(#430,#431,#432,#433,#434,#435,
    #436,#437,#438,#439,#440,#441),.UNSPECIFIED.,.F.,.F.,(7,5,7),(
    2.11023321459,2.62591293409,3.14159265359),.UNSPECIFIED.);
#430 = CARTESIAN_POINT('',(1.862467977512E-14,-255.9245291497,
    434.59933384346));
#431 = CARTESIAN_POINT('',(1.78206680665E-14,-243.5081281425,
    413.85916572625));
#432 = CARTESIAN_POINT('',(1.687814401564E-14,-228.9526727322,
    394.39957732708));
#433 = CARTESIAN_POINT('',(1.580779691862E-14,-212.4232383585,
    376.49631844031));
#434 = CARTESIAN_POINT('',(1.462339029929E-14,-194.1323759453,
    360.39683920464));
#435 = CARTESIAN_POINT('',(1.334126997546E-14,-174.3325149367,
    346.3077524029));
#436 = CARTESIAN_POINT('',(1.061781149621E-14,-132.2739824031,
    322.46732054602));
#437 = CARTESIAN_POINT('',(9.176473720157E-15,-110.0153167367,
    312.71597881176));
#438 = CARTESIAN_POINT('',(7.673631859132E-15,-86.80683979965,
    305.2919988992));
#439 = CARTESIAN_POINT('',(6.129161150976E-15,-62.95548608118,
    300.3058375222));
#440 = CARTESIAN_POINT('',(4.56387930566E-15,-38.78274472417,
    297.81275947409));
#441 = CARTESIAN_POINT('',(2.998597242306E-15,-14.61,297.8127594741));
#442 = AXIS1_PLACEMENT('',#443,#444);
#443 = CARTESIAN_POINT('',(2.998597242306E-15,-14.61,577.48275954522));
#444 = DIRECTION('',(6.475400626674E-17,-1.,-6.585737027495E-19));
#445 = DEFINITIONAL_REPRESENTATION('',(#446),#450);
#446 = LINE('',#447,#448);
#447 = CARTESIAN_POINT('',(-3.14159265359,2.11023321459));
#448 = VECTOR('',#449,1.);
#449 = DIRECTION('',(1.,0.));
#450 = ( GEOMETRIC_REPRESENTATION_CONTEXT(2) 
PARAMETRIC_REPRESENTATION_CONTEXT() REPRESENTATION_CONTEXT('2D SPACE',''
  ) );
#451 = ORIENTED_EDGE('',*,*,#322,.T.);
#452 = ORIENTED_EDGE('',*,*,#143,.F.);
#453 = ORIENTED_EDGE('',*,*,#387,.F.);
#454 = ADVANCED_FACE('',(#455,#518,#581,#644,#707,#770,#833,#896,#959,
    #1022,#1085,#1148,#1211,#1274,#1337,#1400,#1463,#1526,#1589,#1652,
    #1715,#1778,#1841,#1904,#1967,#2030),#281,.T.);
#455 = FACE_BOUND('',#456,.F.);
#456 = EDGE_LOOP('',(#457,#492));
#457 = ORIENTED_EDGE('',*,*,#458,.F.);
#458 = EDGE_CURVE('',#459,#461,#463,.T.);
#459 = VERTEX_POINT('',#460);
#460 = CARTESIAN_POINT('',(63.224049780102,-275.4067912371,
    602.28740087652));
#461 = VERTEX_POINT('',#462);
#462 = CARTESIAN_POINT('',(63.224049780102,-275.4067912371,
    612.06640087652));
#463 = SURFACE_CURVE('',#464,(#469,#480),.PCURVE_S1.);
#464 = CIRCLE('',#465,4.8895);
#465 = AXIS2_PLACEMENT_3D('',#466,#467,#468);
#466 = CARTESIAN_POINT('',(63.224049780102,-275.4067912371,
    607.17690087652));
#467 = DIRECTION('',(-6.475400626674E-17,1.,6.585737027495E-19));
#468 = DIRECTION('',(0.,6.585737027495E-19,-1.));
#469 = PCURVE('',#281,#470);
#470 = DEFINITIONAL_REPRESENTATION('',(#471),#479);
#471 = ( BOUNDED_CURVE() B_SPLINE_CURVE(2,(#472,#473,#474,#475,#476,#477
,#478),.UNSPECIFIED.,.T.,.F.) B_SPLINE_CURVE_WITH_KNOTS((1,2,2,2,2,1),(
    -2.094395102393,0.,2.094395102393,4.188790204786,6.28318530718,
8.377580409573),.UNSPECIFIED.) CURVE() GEOMETRIC_REPRESENTATION_ITEM() 
RATIONAL_B_SPLINE_CURVE((1.,0.5,1.,0.5,1.,0.5,1.)) REPRESENTATION_ITEM(
  '') );
#472 = CARTESIAN_POINT('',(24.804641331299,-63.2240497801));
#473 = CARTESIAN_POINT('',(24.804641331299,-54.75518735649));
#474 = CARTESIAN_POINT('',(32.138891331299,-58.98961856829));
#475 = CARTESIAN_POINT('',(39.473141331299,-63.2240497801));
#476 = CARTESIAN_POINT('',(32.138891331299,-67.4584809919));
#477 = CARTESIAN_POINT('',(24.804641331299,-71.69291220371));
#478 = CARTESIAN_POINT('',(24.804641331299,-63.2240497801));
#479 = ( GEOMETRIC_REPRESENTATION_CONTEXT(2) 
PARAMETRIC_REPRESENTATION_CONTEXT() REPRESENTATION_CONTEXT('2D SPACE',''
  ) );
#480 = PCURVE('',#481,#486);
#481 = PLANE('',#482);
#482 = AXIS2_PLACEMENT_3D('',#483,#484,#485);
#483 = CARTESIAN_POINT('',(-305.9400000711,-275.406791,271.5427594741));
#484 = DIRECTION('',(-0.,1.,0.));
#485 = DIRECTION('',(0.,0.,1.));
#486 = DEFINITIONAL_REPRESENTATION('',(#487),#491);
#487 = CIRCLE('',#488,4.8895);
#488 = AXIS2_PLACEMENT_2D('',#489,#490);
#489 = CARTESIAN_POINT('',(335.63414140242,369.16404985122));
#490 = DIRECTION('',(-1.,0.));
#491 = ( GEOMETRIC_REPRESENTATION_CONTEXT(2) 
PARAMETRIC_REPRESENTATION_CONTEXT() REPRESENTATION_CONTEXT('2D SPACE',''
  ) );
#492 = ORIENTED_EDGE('',*,*,#493,.F.);
#493 = EDGE_CURVE('',#461,#459,#494,.T.);
#494 = SURFACE_CURVE('',#495,(#500,#511),.PCURVE_S1.);
#495 = CIRCLE('',#496,4.8895);
#496 = AXIS2_PLACEMENT_3D('',#497,#498,#499);
#497 = CARTESIAN_POINT('',(63.224049780102,-275.4067912371,
    607.17690087652));
#498 = DIRECTION('',(-6.475400626674E-17,1.,6.585737027495E-19));
#499 = DIRECTION('',(0.,6.585737027495E-19,-1.));
#500 = PCURVE('',#281,#501);
#501 = DEFINITIONAL_REPRESENTATION('',(#502),#510);
#502 = ( BOUNDED_CURVE() B_SPLINE_CURVE(2,(#503,#504,#505,#506,#507,#508
,#509),.UNSPECIFIED.,.T.,.F.) B_SPLINE_CURVE_WITH_KNOTS((1,2,2,2,2,1),(
    -2.094395102393,0.,2.094395102393,4.188790204786,6.28318530718,
8.377580409573),.UNSPECIFIED.) CURVE() GEOMETRIC_REPRESENTATION_ITEM() 
RATIONAL_B_SPLINE_CURVE((1.,0.5,1.,0.5,1.,0.5,1.)) REPRESENTATION_ITEM(
  '') );
#503 = CARTESIAN_POINT('',(24.804641331299,-63.2240497801));
#504 = CARTESIAN_POINT('',(24.804641331299,-54.75518735649));
#505 = CARTESIAN_POINT('',(32.138891331299,-58.98961856829));
#506 = CARTESIAN_POINT('',(39.473141331299,-63.2240497801));
#507 = CARTESIAN_POINT('',(32.138891331299,-67.4584809919));
#508 = CARTESIAN_POINT('',(24.804641331299,-71.69291220371));
#509 = CARTESIAN_POINT('',(24.804641331299,-63.2240497801));
#510 = ( GEOMETRIC_REPRESENTATION_CONTEXT(2) 
PARAMETRIC_REPRESENTATION_CONTEXT() REPRESENTATION_CONTEXT('2D SPACE',''
  ) );
#511 = PCURVE('',#481,#512);
#512 = DEFINITIONAL_REPRESENTATION('',(#513),#517);
#513 = CIRCLE('',#514,4.8895);
#514 = AXIS2_PLACEMENT_2D('',#515,#516);
#515 = CARTESIAN_POINT('',(335.63414140242,369.16404985122));
#516 = DIRECTION('',(-1.,0.));
#517 = ( GEOMETRIC_REPRESENTATION_CONTEXT(2) 
PARAMETRIC_REPRESENTATION_CONTEXT() REPRESENTATION_CONTEXT('2D SPACE',''
  ) );
#518 = FACE_BOUND('',#519,.F.);
#519 = EDGE_LOOP('',(#520,#555));
#520 = ORIENTED_EDGE('',*,*,#521,.F.);
#521 = EDGE_CURVE('',#522,#524,#526,.T.);
#522 = VERTEX_POINT('',#523);
#523 = CARTESIAN_POINT('',(-29.69414133129,-275.4067912371,
    635.81730932532));
#524 = VERTEX_POINT('',#525);
#525 = CARTESIAN_POINT('',(-29.69414133129,-275.4067912371,
    645.59630932532));
#526 = SURFACE_CURVE('',#527,(#532,#543),.PCURVE_S1.);
#527 = CIRCLE('',#528,4.8895);
#528 = AXIS2_PLACEMENT_3D('',#529,#530,#531);
#529 = CARTESIAN_POINT('',(-29.69414133129,-275.4067912371,
    640.70680932532));
#530 = DIRECTION('',(-6.475400626674E-17,1.,6.585737027495E-19));
#531 = DIRECTION('',(0.,6.585737027495E-19,-1.));
#532 = PCURVE('',#281,#533);
#533 = DEFINITIONAL_REPRESENTATION('',(#534),#542);
#534 = ( BOUNDED_CURVE() B_SPLINE_CURVE(2,(#535,#536,#537,#538,#539,#540
,#541),.UNSPECIFIED.,.T.,.F.) B_SPLINE_CURVE_WITH_KNOTS((1,2,2,2,2,1),(
    -2.094395102393,0.,2.094395102393,4.188790204786,6.28318530718,
8.377580409573),.UNSPECIFIED.) CURVE() GEOMETRIC_REPRESENTATION_ITEM() 
RATIONAL_B_SPLINE_CURVE((1.,0.5,1.,0.5,1.,0.5,1.)) REPRESENTATION_ITEM(
  '') );
#535 = CARTESIAN_POINT('',(58.334549780103,29.694141331298));
#536 = CARTESIAN_POINT('',(58.334549780103,38.163003754906));
#537 = CARTESIAN_POINT('',(65.668799780103,33.928572543102));
#538 = CARTESIAN_POINT('',(73.003049780103,29.694141331298));
#539 = CARTESIAN_POINT('',(65.668799780103,25.459710119494));
#540 = CARTESIAN_POINT('',(58.334549780103,21.22527890769));
#541 = CARTESIAN_POINT('',(58.334549780103,29.694141331298));
#542 = ( GEOMETRIC_REPRESENTATION_CONTEXT(2) 
PARAMETRIC_REPRESENTATION_CONTEXT() REPRESENTATION_CONTEXT('2D SPACE',''
  ) );
#543 = PCURVE('',#544,#549);
#544 = PLANE('',#545);
#545 = AXIS2_PLACEMENT_3D('',#546,#547,#548);
#546 = CARTESIAN_POINT('',(-305.9400000711,-275.406791,271.5427594741));
#547 = DIRECTION('',(-0.,1.,0.));
#548 = DIRECTION('',(0.,0.,1.));
#549 = DEFINITIONAL_REPRESENTATION('',(#550),#554);
#550 = CIRCLE('',#551,4.8895);
#551 = AXIS2_PLACEMENT_2D('',#552,#553);
#552 = CARTESIAN_POINT('',(369.16404985122,276.24585873982));
#553 = DIRECTION('',(-1.,0.));
#554 = ( GEOMETRIC_REPRESENTATION_CONTEXT(2) 
PARAMETRIC_REPRESENTATION_CONTEXT() REPRESENTATION_CONTEXT('2D SPACE',''
  ) );
#555 = ORIENTED_EDGE('',*,*,#556,.F.);
#556 = EDGE_CURVE('',#524,#522,#557,.T.);
#557 = SURFACE_CURVE('',#558,(#563,#574),.PCURVE_S1.);
#558 = CIRCLE('',#559,4.8895);
#559 = AXIS2_PLACEMENT_3D('',#560,#561,#562);
#560 = CARTESIAN_POINT('',(-29.69414133129,-275.4067912371,
    640.70680932532));
#561 = DIRECTION('',(-6.475400626674E-17,1.,6.585737027495E-19));
#562 = DIRECTION('',(0.,6.585737027495E-19,-1.));
#563 = PCURVE('',#281,#564);
#564 = DEFINITIONAL_REPRESENTATION('',(#565),#573);
#565 = ( BOUNDED_CURVE() B_SPLINE_CURVE(2,(#566,#567,#568,#569,#570,#571
,#572),.UNSPECIFIED.,.T.,.F.) B_SPLINE_CURVE_WITH_KNOTS((1,2,2,2,2,1),(
    -2.094395102393,0.,2.094395102393,4.188790204786,6.28318530718,
8.377580409573),.UNSPECIFIED.) CURVE() GEOMETRIC_REPRESENTATION_ITEM() 
RATIONAL_B_SPLINE_CURVE((1.,0.5,1.,0.5,1.,0.5,1.)) REPRESENTATION_ITEM(
  '') );
#566 = CARTESIAN_POINT('',(58.334549780103,29.694141331298));
#567 = CARTESIAN_POINT('',(58.334549780103,38.163003754906));
#568 = CARTESIAN_POINT('',(65.668799780103,33.928572543102));
#569 = CARTESIAN_POINT('',(73.003049780103,29.694141331298));
#570 = CARTESIAN_POINT('',(65.668799780103,25.459710119494));
#571 = CARTESIAN_POINT('',(58.334549780103,21.22527890769));
#572 = CARTESIAN_POINT('',(58.334549780103,29.694141331298));
#573 = ( GEOMETRIC_REPRESENTATION_CONTEXT(2) 
PARAMETRIC_REPRESENTATION_CONTEXT() REPRESENTATION_CONTEXT('2D SPACE',''
  ) );
#574 = PCURVE('',#544,#575);
#575 = DEFINITIONAL_REPRESENTATION('',(#576),#580);
#576 = CIRCLE('',#577,4.8895);
#577 = AXIS2_PLACEMENT_2D('',#578,#579);
#578 = CARTESIAN_POINT('',(369.16404985122,276.24585873982));
#579 = DIRECTION('',(-1.,0.));
#580 = ( GEOMETRIC_REPRESENTATION_CONTEXT(2) 
PARAMETRIC_REPRESENTATION_CONTEXT() REPRESENTATION_CONTEXT('2D SPACE',''
  ) );
#581 = FACE_BOUND('',#582,.F.);
#582 = EDGE_LOOP('',(#583,#618));
#583 = ORIENTED_EDGE('',*,*,#584,.F.);
#584 = EDGE_CURVE('',#585,#587,#589,.T.);
#585 = VERTEX_POINT('',#586);
#586 = CARTESIAN_POINT('',(29.519885582588,-275.4067912371,
    509.28766062071));
#587 = VERTEX_POINT('',#588);
#588 = CARTESIAN_POINT('',(29.519885582588,-275.4067912371,
    519.06666062071));
#589 = SURFACE_CURVE('',#590,(#595,#606),.PCURVE_S1.);
#590 = CIRCLE('',#591,4.8895);
#591 = AXIS2_PLACEMENT_3D('',#592,#593,#594);
#592 = CARTESIAN_POINT('',(29.519885582588,-275.4067912371,
    514.17716062071));
#593 = DIRECTION('',(-6.475400626674E-17,1.,6.585737027495E-19));
#594 = DIRECTION('',(0.,6.585737027495E-19,-1.));
#595 = PCURVE('',#281,#596);
#596 = DEFINITIONAL_REPRESENTATION('',(#597),#605);
#597 = ( BOUNDED_CURVE() B_SPLINE_CURVE(2,(#598,#599,#600,#601,#602,#603
,#604),.UNSPECIFIED.,.T.,.F.) B_SPLINE_CURVE_WITH_KNOTS((1,2,2,2,2,1),(
    -2.094395102393,0.,2.094395102393,4.188790204786,6.28318530718,
8.377580409573),.UNSPECIFIED.) CURVE() GEOMETRIC_REPRESENTATION_ITEM() 
RATIONAL_B_SPLINE_CURVE((1.,0.5,1.,0.5,1.,0.5,1.)) REPRESENTATION_ITEM(
  '') );
#598 = CARTESIAN_POINT('',(-68.19509892451,-29.51988558258));
#599 = CARTESIAN_POINT('',(-68.19509892451,-21.05102315898));
#600 = CARTESIAN_POINT('',(-60.86084892451,-25.28545437078));
#601 = CARTESIAN_POINT('',(-53.52659892451,-29.51988558258));
#602 = CARTESIAN_POINT('',(-60.86084892451,-33.75431679439));
#603 = CARTESIAN_POINT('',(-68.19509892451,-37.98874800619));
#604 = CARTESIAN_POINT('',(-68.19509892451,-29.51988558258));
#605 = ( GEOMETRIC_REPRESENTATION_CONTEXT(2) 
PARAMETRIC_REPRESENTATION_CONTEXT() REPRESENTATION_CONTEXT('2D SPACE',''
  ) );
#606 = PCURVE('',#607,#612);
#607 = PLANE('',#608);
#608 = AXIS2_PLACEMENT_3D('',#609,#610,#611);
#609 = CARTESIAN_POINT('',(-305.9400000711,-275.406791,271.5427594741));
#610 = DIRECTION('',(-0.,1.,0.));
#611 = DIRECTION('',(0.,0.,1.));
#612 = DEFINITIONAL_REPRESENTATION('',(#613),#617);
#613 = CIRCLE('',#614,4.8895);
#614 = AXIS2_PLACEMENT_2D('',#615,#616);
#615 = CARTESIAN_POINT('',(242.63440114661,335.45988565371));
#616 = DIRECTION('',(-1.,0.));
#617 = ( GEOMETRIC_REPRESENTATION_CONTEXT(2) 
PARAMETRIC_REPRESENTATION_CONTEXT() REPRESENTATION_CONTEXT('2D SPACE',''
  ) );
#618 = ORIENTED_EDGE('',*,*,#619,.F.);
#619 = EDGE_CURVE('',#587,#585,#620,.T.);
#620 = SURFACE_CURVE('',#621,(#626,#637),.PCURVE_S1.);
#621 = CIRCLE('',#622,4.8895);
#622 = AXIS2_PLACEMENT_3D('',#623,#624,#625);
#623 = CARTESIAN_POINT('',(29.519885582588,-275.4067912371,
    514.17716062071));
#624 = DIRECTION('',(-6.475400626674E-17,1.,6.585737027495E-19));
#625 = DIRECTION('',(0.,6.585737027495E-19,-1.));
#626 = PCURVE('',#281,#627);
#627 = DEFINITIONAL_REPRESENTATION('',(#628),#636);
#628 = ( BOUNDED_CURVE() B_SPLINE_CURVE(2,(#629,#630,#631,#632,#633,#634
,#635),.UNSPECIFIED.,.T.,.F.) B_SPLINE_CURVE_WITH_KNOTS((1,2,2,2,2,1),(
    -2.094395102393,0.,2.094395102393,4.188790204786,6.28318530718,
8.377580409573),.UNSPECIFIED.) CURVE() GEOMETRIC_REPRESENTATION_ITEM() 
RATIONAL_B_SPLINE_CURVE((1.,0.5,1.,0.5,1.,0.5,1.)) REPRESENTATION_ITEM(
  '') );
#629 = CARTESIAN_POINT('',(-68.19509892451,-29.51988558258));
#630 = CARTESIAN_POINT('',(-68.19509892451,-21.05102315898));
#631 = CARTESIAN_POINT('',(-60.86084892451,-25.28545437078));
#632 = CARTESIAN_POINT('',(-53.52659892451,-29.51988558258));
#633 = CARTESIAN_POINT('',(-60.86084892451,-33.75431679439));
#634 = CARTESIAN_POINT('',(-68.19509892451,-37.98874800619));
#635 = CARTESIAN_POINT('',(-68.19509892451,-29.51988558258));
#636 = ( GEOMETRIC_REPRESENTATION_CONTEXT(2) 
PARAMETRIC_REPRESENTATION_CONTEXT() REPRESENTATION_CONTEXT('2D SPACE',''
  ) );
#637 = PCURVE('',#607,#638);
#638 = DEFINITIONAL_REPRESENTATION('',(#639),#643);
#639 = CIRCLE('',#640,4.8895);
#640 = AXIS2_PLACEMENT_2D('',#641,#642);
#641 = CARTESIAN_POINT('',(242.63440114661,335.45988565371));
#642 = DIRECTION('',(-1.,0.));
#643 = ( GEOMETRIC_REPRESENTATION_CONTEXT(2) 
PARAMETRIC_REPRESENTATION_CONTEXT() REPRESENTATION_CONTEXT('2D SPACE',''
  ) );
#644 = FACE_BOUND('',#645,.F.);
#645 = EDGE_LOOP('',(#646,#681));
#646 = ORIENTED_EDGE('',*,*,#647,.F.);
#647 = EDGE_CURVE('',#648,#650,#652,.T.);
#648 = VERTEX_POINT('',#649);
#649 = CARTESIAN_POINT('',(-23.8901070113,-275.4067912371,
    506.95572998333));
#650 = VERTEX_POINT('',#651);
#651 = CARTESIAN_POINT('',(-23.8901070113,-275.4067912371,
    516.73472998333));
#652 = SURFACE_CURVE('',#653,(#658,#669),.PCURVE_S1.);
#653 = CIRCLE('',#654,4.8895);
#654 = AXIS2_PLACEMENT_3D('',#655,#656,#657);
#655 = CARTESIAN_POINT('',(-23.8901070113,-275.4067912371,
    511.84522998333));
#656 = DIRECTION('',(-6.475400626674E-17,1.,6.585737027495E-19));
#657 = DIRECTION('',(0.,6.585737027495E-19,-1.));
#658 = PCURVE('',#281,#659);
#659 = DEFINITIONAL_REPRESENTATION('',(#660),#668);
#660 = ( BOUNDED_CURVE() B_SPLINE_CURVE(2,(#661,#662,#663,#664,#665,#666
,#667),.UNSPECIFIED.,.T.,.F.) B_SPLINE_CURVE_WITH_KNOTS((1,2,2,2,2,1),(
    -2.094395102393,0.,2.094395102393,4.188790204786,6.28318530718,
8.377580409573),.UNSPECIFIED.) CURVE() GEOMETRIC_REPRESENTATION_ITEM() 
RATIONAL_B_SPLINE_CURVE((1.,0.5,1.,0.5,1.,0.5,1.)) REPRESENTATION_ITEM(
  '') );
#661 = CARTESIAN_POINT('',(-70.52702956189,23.890107011302));
#662 = CARTESIAN_POINT('',(-70.52702956189,32.35896943491));
#663 = CARTESIAN_POINT('',(-63.19277956189,28.124538223106));
#664 = CARTESIAN_POINT('',(-55.85852956189,23.890107011302));
#665 = CARTESIAN_POINT('',(-63.19277956189,19.655675799498));
#666 = CARTESIAN_POINT('',(-70.52702956189,15.421244587694));
#667 = CARTESIAN_POINT('',(-70.52702956189,23.890107011302));
#668 = ( GEOMETRIC_REPRESENTATION_CONTEXT(2) 
PARAMETRIC_REPRESENTATION_CONTEXT() REPRESENTATION_CONTEXT('2D SPACE',''
  ) );
#669 = PCURVE('',#670,#675);
#670 = PLANE('',#671);
#671 = AXIS2_PLACEMENT_3D('',#672,#673,#674);
#672 = CARTESIAN_POINT('',(-305.9400000711,-275.406791,271.5427594741));
#673 = DIRECTION('',(-0.,1.,0.));
#674 = DIRECTION('',(0.,0.,1.));
#675 = DEFINITIONAL_REPRESENTATION('',(#676),#680);
#676 = CIRCLE('',#677,4.8895);
#677 = AXIS2_PLACEMENT_2D('',#678,#679);
#678 = CARTESIAN_POINT('',(240.30247050923,282.04989305982));
#679 = DIRECTION('',(-1.,0.));
#680 = ( GEOMETRIC_REPRESENTATION_CONTEXT(2) 
PARAMETRIC_REPRESENTATION_CONTEXT() REPRESENTATION_CONTEXT('2D SPACE',''
  ) );
#681 = ORIENTED_EDGE('',*,*,#682,.F.);
#682 = EDGE_CURVE('',#650,#648,#683,.T.);
#683 = SURFACE_CURVE('',#684,(#689,#700),.PCURVE_S1.);
#684 = CIRCLE('',#685,4.8895);
#685 = AXIS2_PLACEMENT_3D('',#686,#687,#688);
#686 = CARTESIAN_POINT('',(-23.8901070113,-275.4067912371,
    511.84522998333));
#687 = DIRECTION('',(-6.475400626674E-17,1.,6.585737027495E-19));
#688 = DIRECTION('',(0.,6.585737027495E-19,-1.));
#689 = PCURVE('',#281,#690);
#690 = DEFINITIONAL_REPRESENTATION('',(#691),#699);
#691 = ( BOUNDED_CURVE() B_SPLINE_CURVE(2,(#692,#693,#694,#695,#696,#697
,#698),.UNSPECIFIED.,.T.,.F.) B_SPLINE_CURVE_WITH_KNOTS((1,2,2,2,2,1),(
    -2.094395102393,0.,2.094395102393,4.188790204786,6.28318530718,
8.377580409573),.UNSPECIFIED.) CURVE() GEOMETRIC_REPRESENTATION_ITEM() 
RATIONAL_B_SPLINE_CURVE((1.,0.5,1.,0.5,1.,0.5,1.)) REPRESENTATION_ITEM(
  '') );
#692 = CARTESIAN_POINT('',(-70.52702956189,23.890107011302));
#693 = CARTESIAN_POINT('',(-70.52702956189,32.35896943491));
#694 = CARTESIAN_POINT('',(-63.19277956189,28.124538223106));
#695 = CARTESIAN_POINT('',(-55.85852956189,23.890107011302));
#696 = CARTESIAN_POINT('',(-63.19277956189,19.655675799498));
#697 = CARTESIAN_POINT('',(-70.52702956189,15.421244587694));
#698 = CARTESIAN_POINT('',(-70.52702956189,23.890107011302));
#699 = ( GEOMETRIC_REPRESENTATION_CONTEXT(2) 
PARAMETRIC_REPRESENTATION_CONTEXT() REPRESENTATION_CONTEXT('2D SPACE',''
  ) );
#700 = PCURVE('',#670,#701);
#701 = DEFINITIONAL_REPRESENTATION('',(#702),#706);
#702 = CIRCLE('',#703,4.8895);
#703 = AXIS2_PLACEMENT_2D('',#704,#705);
#704 = CARTESIAN_POINT('',(240.30247050923,282.04989305982));
#705 = DIRECTION('',(-1.,0.));
#706 = ( GEOMETRIC_REPRESENTATION_CONTEXT(2) 
PARAMETRIC_REPRESENTATION_CONTEXT() REPRESENTATION_CONTEXT('2D SPACE',''
  ) );
#707 = FACE_BOUND('',#708,.F.);
#708 = EDGE_LOOP('',(#709,#744));
#709 = ORIENTED_EDGE('',*,*,#710,.F.);
#710 = EDGE_CURVE('',#711,#713,#715,.T.);
#711 = VERTEX_POINT('',#712);
#712 = CARTESIAN_POINT('',(65.637529561894,-275.4067912371,
    548.70315253392));
#713 = VERTEX_POINT('',#714);
#714 = CARTESIAN_POINT('',(65.637529561894,-275.4067912371,
    558.48215253392));
#715 = SURFACE_CURVE('',#716,(#721,#732),.PCURVE_S1.);
#716 = CIRCLE('',#717,4.8895);
#717 = AXIS2_PLACEMENT_3D('',#718,#719,#720);
#718 = CARTESIAN_POINT('',(65.637529561894,-275.4067912371,
    553.59265253392));
#719 = DIRECTION('',(-6.475400626674E-17,1.,6.585737027495E-19));
#720 = DIRECTION('',(0.,6.585737027495E-19,-1.));
#721 = PCURVE('',#281,#722);
#722 = DEFINITIONAL_REPRESENTATION('',(#723),#731);
#723 = ( BOUNDED_CURVE() B_SPLINE_CURVE(2,(#724,#725,#726,#727,#728,#729
,#730),.UNSPECIFIED.,.T.,.F.) B_SPLINE_CURVE_WITH_KNOTS((1,2,2,2,2,1),(
    -2.094395102393,0.,2.094395102393,4.188790204786,6.28318530718,
8.377580409573),.UNSPECIFIED.) CURVE() GEOMETRIC_REPRESENTATION_ITEM() 
RATIONAL_B_SPLINE_CURVE((1.,0.5,1.,0.5,1.,0.5,1.)) REPRESENTATION_ITEM(
  '') );
#724 = CARTESIAN_POINT('',(-28.7796070113,-65.63752956189));
#725 = CARTESIAN_POINT('',(-28.7796070113,-57.16866713828));
#726 = CARTESIAN_POINT('',(-21.4453570113,-61.40309835009));
#727 = CARTESIAN_POINT('',(-14.1111070113,-65.63752956189));
#728 = CARTESIAN_POINT('',(-21.4453570113,-69.87196077369));
#729 = CARTESIAN_POINT('',(-28.7796070113,-74.1063919855));
#730 = CARTESIAN_POINT('',(-28.7796070113,-65.63752956189));
#731 = ( GEOMETRIC_REPRESENTATION_CONTEXT(2) 
PARAMETRIC_REPRESENTATION_CONTEXT() REPRESENTATION_CONTEXT('2D SPACE',''
  ) );
#732 = PCURVE('',#733,#738);
#733 = PLANE('',#734);
#734 = AXIS2_PLACEMENT_3D('',#735,#736,#737);
#735 = CARTESIAN_POINT('',(-305.9400000711,-275.406791,271.5427594741));
#736 = DIRECTION('',(-0.,1.,0.));
#737 = DIRECTION('',(0.,0.,1.));
#738 = DEFINITIONAL_REPRESENTATION('',(#739),#743);
#739 = CIRCLE('',#740,4.8895);
#740 = AXIS2_PLACEMENT_2D('',#741,#742);
#741 = CARTESIAN_POINT('',(282.04989305982,371.57752963301));
#742 = DIRECTION('',(-1.,0.));
#743 = ( GEOMETRIC_REPRESENTATION_CONTEXT(2) 
PARAMETRIC_REPRESENTATION_CONTEXT() REPRESENTATION_CONTEXT('2D SPACE',''
  ) );
#744 = ORIENTED_EDGE('',*,*,#745,.F.);
#745 = EDGE_CURVE('',#713,#711,#746,.T.);
#746 = SURFACE_CURVE('',#747,(#752,#763),.PCURVE_S1.);
#747 = CIRCLE('',#748,4.8895);
#748 = AXIS2_PLACEMENT_3D('',#749,#750,#751);
#749 = CARTESIAN_POINT('',(65.637529561894,-275.4067912371,
    553.59265253392));
#750 = DIRECTION('',(-6.475400626674E-17,1.,6.585737027495E-19));
#751 = DIRECTION('',(0.,6.585737027495E-19,-1.));
#752 = PCURVE('',#281,#753);
#753 = DEFINITIONAL_REPRESENTATION('',(#754),#762);
#754 = ( BOUNDED_CURVE() B_SPLINE_CURVE(2,(#755,#756,#757,#758,#759,#760
,#761),.UNSPECIFIED.,.T.,.F.) B_SPLINE_CURVE_WITH_KNOTS((1,2,2,2,2,1),(
    -2.094395102393,0.,2.094395102393,4.188790204786,6.28318530718,
8.377580409573),.UNSPECIFIED.) CURVE() GEOMETRIC_REPRESENTATION_ITEM() 
RATIONAL_B_SPLINE_CURVE((1.,0.5,1.,0.5,1.,0.5,1.)) REPRESENTATION_ITEM(
  '') );
#755 = CARTESIAN_POINT('',(-28.7796070113,-65.63752956189));
#756 = CARTESIAN_POINT('',(-28.7796070113,-57.16866713828));
#757 = CARTESIAN_POINT('',(-21.4453570113,-61.40309835009));
#758 = CARTESIAN_POINT('',(-14.1111070113,-65.63752956189));
#759 = CARTESIAN_POINT('',(-21.4453570113,-69.87196077369));
#760 = CARTESIAN_POINT('',(-28.7796070113,-74.1063919855));
#761 = CARTESIAN_POINT('',(-28.7796070113,-65.63752956189));
#762 = ( GEOMETRIC_REPRESENTATION_CONTEXT(2) 
PARAMETRIC_REPRESENTATION_CONTEXT() REPRESENTATION_CONTEXT('2D SPACE',''
  ) );
#763 = PCURVE('',#733,#764);
#764 = DEFINITIONAL_REPRESENTATION('',(#765),#769);
#765 = CIRCLE('',#766,4.8895);
#766 = AXIS2_PLACEMENT_2D('',#767,#768);
#767 = CARTESIAN_POINT('',(282.04989305982,371.57752963301));
#768 = DIRECTION('',(-1.,0.));
#769 = ( GEOMETRIC_REPRESENTATION_CONTEXT(2) 
PARAMETRIC_REPRESENTATION_CONTEXT() REPRESENTATION_CONTEXT('2D SPACE',''
  ) );
#770 = FACE_BOUND('',#771,.F.);
#771 = EDGE_LOOP('',(#772,#807));
#772 = ORIENTED_EDGE('',*,*,#773,.F.);
#773 = EDGE_CURVE('',#774,#776,#778,.T.);
#774 = VERTEX_POINT('',#775);
#775 = CARTESIAN_POINT('',(23.709225636714,-275.4067912371,
    638.29634257568));
#776 = VERTEX_POINT('',#777);
#777 = CARTESIAN_POINT('',(23.709225636714,-275.4067912371,
    648.07534257568));
#778 = SURFACE_CURVE('',#779,(#784,#795),.PCURVE_S1.);
#779 = CIRCLE('',#780,4.8895);
#780 = AXIS2_PLACEMENT_3D('',#781,#782,#783);
#781 = CARTESIAN_POINT('',(23.709225636714,-275.4067912371,
    643.18584257568));
#782 = DIRECTION('',(-6.475400626674E-17,1.,6.585737027495E-19));
#783 = DIRECTION('',(0.,6.585737027495E-19,-1.));
#784 = PCURVE('',#281,#785);
#785 = DEFINITIONAL_REPRESENTATION('',(#786),#794);
#786 = ( BOUNDED_CURVE() B_SPLINE_CURVE(2,(#787,#788,#789,#790,#791,#792
,#793),.UNSPECIFIED.,.T.,.F.) B_SPLINE_CURVE_WITH_KNOTS((1,2,2,2,2,1),(
    -2.094395102393,0.,2.094395102393,4.188790204786,6.28318530718,
8.377580409573),.UNSPECIFIED.) CURVE() GEOMETRIC_REPRESENTATION_ITEM() 
RATIONAL_B_SPLINE_CURVE((1.,0.5,1.,0.5,1.,0.5,1.)) REPRESENTATION_ITEM(
  '') );
#787 = CARTESIAN_POINT('',(60.813583030459,-23.70922563671));
#788 = CARTESIAN_POINT('',(60.813583030459,-15.2403632131));
#789 = CARTESIAN_POINT('',(68.147833030459,-19.47479442491));
#790 = CARTESIAN_POINT('',(75.482083030459,-23.70922563671));
#791 = CARTESIAN_POINT('',(68.147833030459,-27.94365684851));
#792 = CARTESIAN_POINT('',(60.813583030459,-32.17808806032));
#793 = CARTESIAN_POINT('',(60.813583030459,-23.70922563671));
#794 = ( GEOMETRIC_REPRESENTATION_CONTEXT(2) 
PARAMETRIC_REPRESENTATION_CONTEXT() REPRESENTATION_CONTEXT('2D SPACE',''
  ) );
#795 = PCURVE('',#796,#801);
#796 = PLANE('',#797);
#797 = AXIS2_PLACEMENT_3D('',#798,#799,#800);
#798 = CARTESIAN_POINT('',(-305.9400000711,-275.406791,271.5427594741));
#799 = DIRECTION('',(-0.,1.,0.));
#800 = DIRECTION('',(0.,0.,1.));
#801 = DEFINITIONAL_REPRESENTATION('',(#802),#806);
#802 = CIRCLE('',#803,4.8895);
#803 = AXIS2_PLACEMENT_2D('',#804,#805);
#804 = CARTESIAN_POINT('',(371.64308310158,329.64922570783));
#805 = DIRECTION('',(-1.,0.));
#806 = ( GEOMETRIC_REPRESENTATION_CONTEXT(2) 
PARAMETRIC_REPRESENTATION_CONTEXT() REPRESENTATION_CONTEXT('2D SPACE',''
  ) );
#807 = ORIENTED_EDGE('',*,*,#808,.F.);
#808 = EDGE_CURVE('',#776,#774,#809,.T.);
#809 = SURFACE_CURVE('',#810,(#815,#826),.PCURVE_S1.);
#810 = CIRCLE('',#811,4.8895);
#811 = AXIS2_PLACEMENT_3D('',#812,#813,#814);
#812 = CARTESIAN_POINT('',(23.709225636714,-275.4067912371,
    643.18584257568));
#813 = DIRECTION('',(-6.475400626674E-17,1.,6.585737027495E-19));
#814 = DIRECTION('',(0.,6.585737027495E-19,-1.));
#815 = PCURVE('',#281,#816);
#816 = DEFINITIONAL_REPRESENTATION('',(#817),#825);
#817 = ( BOUNDED_CURVE() B_SPLINE_CURVE(2,(#818,#819,#820,#821,#822,#823
,#824),.UNSPECIFIED.,.T.,.F.) B_SPLINE_CURVE_WITH_KNOTS((1,2,2,2,2,1),(
    -2.094395102393,0.,2.094395102393,4.188790204786,6.28318530718,
8.377580409573),.UNSPECIFIED.) CURVE() GEOMETRIC_REPRESENTATION_ITEM() 
RATIONAL_B_SPLINE_CURVE((1.,0.5,1.,0.5,1.,0.5,1.)) REPRESENTATION_ITEM(
  '') );
#818 = CARTESIAN_POINT('',(60.813583030459,-23.70922563671));
#819 = CARTESIAN_POINT('',(60.813583030459,-15.2403632131));
#820 = CARTESIAN_POINT('',(68.147833030459,-19.47479442491));
#821 = CARTESIAN_POINT('',(75.482083030459,-23.70922563671));
#822 = CARTESIAN_POINT('',(68.147833030459,-27.94365684851));
#823 = CARTESIAN_POINT('',(60.813583030459,-32.17808806032));
#824 = CARTESIAN_POINT('',(60.813583030459,-23.70922563671));
#825 = ( GEOMETRIC_REPRESENTATION_CONTEXT(2) 
PARAMETRIC_REPRESENTATION_CONTEXT() REPRESENTATION_CONTEXT('2D SPACE',''
  ) );
#826 = PCURVE('',#796,#827);
#827 = DEFINITIONAL_REPRESENTATION('',(#828),#832);
#828 = CIRCLE('',#829,4.8895);
#829 = AXIS2_PLACEMENT_2D('',#830,#831);
#830 = CARTESIAN_POINT('',(371.64308310158,329.64922570783));
#831 = DIRECTION('',(-1.,0.));
#832 = ( GEOMETRIC_REPRESENTATION_CONTEXT(2) 
PARAMETRIC_REPRESENTATION_CONTEXT() REPRESENTATION_CONTEXT('2D SPACE',''
  ) );
#833 = FACE_BOUND('',#834,.F.);
#834 = EDGE_LOOP('',(#835,#870));
#835 = ORIENTED_EDGE('',*,*,#836,.F.);
#836 = EDGE_CURVE('',#837,#839,#841,.T.);
#837 = VERTEX_POINT('',#838);
#838 = CARTESIAN_POINT('',(-65.63752956189,-275.4067912371,
    596.48336655651));
#839 = VERTEX_POINT('',#840);
#840 = CARTESIAN_POINT('',(-65.63752956189,-275.4067912371,
    606.26236655651));
#841 = SURFACE_CURVE('',#842,(#847,#858),.PCURVE_S1.);
#842 = CIRCLE('',#843,4.8895);
#843 = AXIS2_PLACEMENT_3D('',#844,#845,#846);
#844 = CARTESIAN_POINT('',(-65.63752956189,-275.4067912371,
    601.37286655651));
#845 = DIRECTION('',(-6.475400626674E-17,1.,6.585737027495E-19));
#846 = DIRECTION('',(0.,6.585737027495E-19,-1.));
#847 = PCURVE('',#281,#848);
#848 = DEFINITIONAL_REPRESENTATION('',(#849),#857);
#849 = ( BOUNDED_CURVE() B_SPLINE_CURVE(2,(#850,#851,#852,#853,#854,#855
,#856),.UNSPECIFIED.,.T.,.F.) B_SPLINE_CURVE_WITH_KNOTS((1,2,2,2,2,1),(
    -2.094395102393,0.,2.094395102393,4.188790204786,6.28318530718,
8.377580409573),.UNSPECIFIED.) CURVE() GEOMETRIC_REPRESENTATION_ITEM() 
RATIONAL_B_SPLINE_CURVE((1.,0.5,1.,0.5,1.,0.5,1.)) REPRESENTATION_ITEM(
  '') );
#850 = CARTESIAN_POINT('',(19.000607011293,65.637529561897));
#851 = CARTESIAN_POINT('',(19.000607011293,74.106391985506));
#852 = CARTESIAN_POINT('',(26.334857011293,69.871960773702));
#853 = CARTESIAN_POINT('',(33.669107011293,65.637529561897));
#854 = CARTESIAN_POINT('',(26.334857011293,61.403098350093));
#855 = CARTESIAN_POINT('',(19.000607011293,57.168667138289));
#856 = CARTESIAN_POINT('',(19.000607011293,65.637529561897));
#857 = ( GEOMETRIC_REPRESENTATION_CONTEXT(2) 
PARAMETRIC_REPRESENTATION_CONTEXT() REPRESENTATION_CONTEXT('2D SPACE',''
  ) );
#858 = PCURVE('',#859,#864);
#859 = PLANE('',#860);
#860 = AXIS2_PLACEMENT_3D('',#861,#862,#863);
#861 = CARTESIAN_POINT('',(-305.9400000711,-275.406791,271.5427594741));
#862 = DIRECTION('',(-0.,1.,0.));
#863 = DIRECTION('',(0.,0.,1.));
#864 = DEFINITIONAL_REPRESENTATION('',(#865),#869);
#865 = CIRCLE('',#866,4.8895);
#866 = AXIS2_PLACEMENT_2D('',#867,#868);
#867 = CARTESIAN_POINT('',(329.83010708241,240.30247050922));
#868 = DIRECTION('',(-1.,0.));
#869 = ( GEOMETRIC_REPRESENTATION_CONTEXT(2) 
PARAMETRIC_REPRESENTATION_CONTEXT() REPRESENTATION_CONTEXT('2D SPACE',''
  ) );
#870 = ORIENTED_EDGE('',*,*,#871,.F.);
#871 = EDGE_CURVE('',#839,#837,#872,.T.);
#872 = SURFACE_CURVE('',#873,(#878,#889),.PCURVE_S1.);
#873 = CIRCLE('',#874,4.8895);
#874 = AXIS2_PLACEMENT_3D('',#875,#876,#877);
#875 = CARTESIAN_POINT('',(-65.63752956189,-275.4067912371,
    601.37286655651));
#876 = DIRECTION('',(-6.475400626674E-17,1.,6.585737027495E-19));
#877 = DIRECTION('',(0.,6.585737027495E-19,-1.));
#878 = PCURVE('',#281,#879);
#879 = DEFINITIONAL_REPRESENTATION('',(#880),#888);
#880 = ( BOUNDED_CURVE() B_SPLINE_CURVE(2,(#881,#882,#883,#884,#885,#886
,#887),.UNSPECIFIED.,.T.,.F.) B_SPLINE_CURVE_WITH_KNOTS((1,2,2,2,2,1),(
    -2.094395102393,0.,2.094395102393,4.188790204786,6.28318530718,
8.377580409573),.UNSPECIFIED.) CURVE() GEOMETRIC_REPRESENTATION_ITEM() 
RATIONAL_B_SPLINE_CURVE((1.,0.5,1.,0.5,1.,0.5,1.)) REPRESENTATION_ITEM(
  '') );
#881 = CARTESIAN_POINT('',(19.000607011293,65.637529561897));
#882 = CARTESIAN_POINT('',(19.000607011293,74.106391985506));
#883 = CARTESIAN_POINT('',(26.334857011293,69.871960773702));
#884 = CARTESIAN_POINT('',(33.669107011293,65.637529561897));
#885 = CARTESIAN_POINT('',(26.334857011293,61.403098350093));
#886 = CARTESIAN_POINT('',(19.000607011293,57.168667138289));
#887 = CARTESIAN_POINT('',(19.000607011293,65.637529561897));
#888 = ( GEOMETRIC_REPRESENTATION_CONTEXT(2) 
PARAMETRIC_REPRESENTATION_CONTEXT() REPRESENTATION_CONTEXT('2D SPACE',''
  ) );
#889 = PCURVE('',#859,#890);
#890 = DEFINITIONAL_REPRESENTATION('',(#891),#895);
#891 = CIRCLE('',#892,4.8895);
#892 = AXIS2_PLACEMENT_2D('',#893,#894);
#893 = CARTESIAN_POINT('',(329.83010708241,240.30247050922));
#894 = DIRECTION('',(-1.,0.));
#895 = ( GEOMETRIC_REPRESENTATION_CONTEXT(2) 
PARAMETRIC_REPRESENTATION_CONTEXT() REPRESENTATION_CONTEXT('2D SPACE',''
  ) );
#896 = FACE_BOUND('',#897,.F.);
#897 = EDGE_LOOP('',(#898,#933));
#898 = ORIENTED_EDGE('',*,*,#899,.F.);
#899 = EDGE_CURVE('',#900,#902,#904,.T.);
#900 = VERTEX_POINT('',#901);
#901 = CARTESIAN_POINT('',(-63.30559892451,-275.4067912371,
    543.07337396264));
#902 = VERTEX_POINT('',#903);
#903 = CARTESIAN_POINT('',(-63.30559892451,-275.4067912371,
    552.85237396264));
#904 = SURFACE_CURVE('',#905,(#910,#921),.PCURVE_S1.);
#905 = CIRCLE('',#906,4.8895);
#906 = AXIS2_PLACEMENT_3D('',#907,#908,#909);
#907 = CARTESIAN_POINT('',(-63.30559892451,-275.4067912371,
    547.96287396264));
#908 = DIRECTION('',(-6.475400626674E-17,1.,6.585737027495E-19));
#909 = DIRECTION('',(0.,6.585737027495E-19,-1.));
#910 = PCURVE('',#281,#911);
#911 = DEFINITIONAL_REPRESENTATION('',(#912),#920);
#912 = ( BOUNDED_CURVE() B_SPLINE_CURVE(2,(#913,#914,#915,#916,#917,#918
,#919),.UNSPECIFIED.,.T.,.F.) B_SPLINE_CURVE_WITH_KNOTS((1,2,2,2,2,1),(
    -2.094395102393,0.,2.094395102393,4.188790204786,6.28318530718,
8.377580409573),.UNSPECIFIED.) CURVE() GEOMETRIC_REPRESENTATION_ITEM() 
RATIONAL_B_SPLINE_CURVE((1.,0.5,1.,0.5,1.,0.5,1.)) REPRESENTATION_ITEM(
  '') );
#913 = CARTESIAN_POINT('',(-34.40938558258,63.305598924512));
#914 = CARTESIAN_POINT('',(-34.40938558258,71.77446134812));
#915 = CARTESIAN_POINT('',(-27.07513558258,67.540030136316));
#916 = CARTESIAN_POINT('',(-19.74088558258,63.305598924512));
#917 = CARTESIAN_POINT('',(-27.07513558258,59.071167712708));
#918 = CARTESIAN_POINT('',(-34.40938558258,54.836736500904));
#919 = CARTESIAN_POINT('',(-34.40938558258,63.305598924512));
#920 = ( GEOMETRIC_REPRESENTATION_CONTEXT(2) 
PARAMETRIC_REPRESENTATION_CONTEXT() REPRESENTATION_CONTEXT('2D SPACE',''
  ) );
#921 = PCURVE('',#922,#927);
#922 = PLANE('',#923);
#923 = AXIS2_PLACEMENT_3D('',#924,#925,#926);
#924 = CARTESIAN_POINT('',(-305.9400000711,-275.406791,271.5427594741));
#925 = DIRECTION('',(-0.,1.,0.));
#926 = DIRECTION('',(0.,0.,1.));
#927 = DEFINITIONAL_REPRESENTATION('',(#928),#932);
#928 = CIRCLE('',#929,4.8895);
#929 = AXIS2_PLACEMENT_2D('',#930,#931);
#930 = CARTESIAN_POINT('',(276.42011448854,242.63440114661));
#931 = DIRECTION('',(-1.,0.));
#932 = ( GEOMETRIC_REPRESENTATION_CONTEXT(2) 
PARAMETRIC_REPRESENTATION_CONTEXT() REPRESENTATION_CONTEXT('2D SPACE',''
  ) );
#933 = ORIENTED_EDGE('',*,*,#934,.F.);
#934 = EDGE_CURVE('',#902,#900,#935,.T.);
#935 = SURFACE_CURVE('',#936,(#941,#952),.PCURVE_S1.);
#936 = CIRCLE('',#937,4.8895);
#937 = AXIS2_PLACEMENT_3D('',#938,#939,#940);
#938 = CARTESIAN_POINT('',(-63.30559892451,-275.4067912371,
    547.96287396264));
#939 = DIRECTION('',(-6.475400626674E-17,1.,6.585737027495E-19));
#940 = DIRECTION('',(0.,6.585737027495E-19,-1.));
#941 = PCURVE('',#281,#942);
#942 = DEFINITIONAL_REPRESENTATION('',(#943),#951);
#943 = ( BOUNDED_CURVE() B_SPLINE_CURVE(2,(#944,#945,#946,#947,#948,#949
,#950),.UNSPECIFIED.,.T.,.F.) B_SPLINE_CURVE_WITH_KNOTS((1,2,2,2,2,1),(
    -2.094395102393,0.,2.094395102393,4.188790204786,6.28318530718,
8.377580409573),.UNSPECIFIED.) CURVE() GEOMETRIC_REPRESENTATION_ITEM() 
RATIONAL_B_SPLINE_CURVE((1.,0.5,1.,0.5,1.,0.5,1.)) REPRESENTATION_ITEM(
  '') );
#944 = CARTESIAN_POINT('',(-34.40938558258,63.305598924512));
#945 = CARTESIAN_POINT('',(-34.40938558258,71.77446134812));
#946 = CARTESIAN_POINT('',(-27.07513558258,67.540030136316));
#947 = CARTESIAN_POINT('',(-19.74088558258,63.305598924512));
#948 = CARTESIAN_POINT('',(-27.07513558258,59.071167712708));
#949 = CARTESIAN_POINT('',(-34.40938558258,54.836736500904));
#950 = CARTESIAN_POINT('',(-34.40938558258,63.305598924512));
#951 = ( GEOMETRIC_REPRESENTATION_CONTEXT(2) 
PARAMETRIC_REPRESENTATION_CONTEXT() REPRESENTATION_CONTEXT('2D SPACE',''
  ) );
#952 = PCURVE('',#922,#953);
#953 = DEFINITIONAL_REPRESENTATION('',(#954),#958);
#954 = CIRCLE('',#955,4.8895);
#955 = AXIS2_PLACEMENT_2D('',#956,#957);
#956 = CARTESIAN_POINT('',(276.42011448854,242.63440114661));
#957 = DIRECTION('',(-1.,0.));
#958 = ( GEOMETRIC_REPRESENTATION_CONTEXT(2) 
PARAMETRIC_REPRESENTATION_CONTEXT() REPRESENTATION_CONTEXT('2D SPACE',''
  ) );
#959 = FACE_BOUND('',#960,.F.);
#960 = EDGE_LOOP('',(#961,#996));
#961 = ORIENTED_EDGE('',*,*,#962,.T.);
#962 = EDGE_CURVE('',#963,#965,#967,.T.);
#963 = VERTEX_POINT('',#964);
#964 = CARTESIAN_POINT('',(-15.42335313279,-275.4067912371,
    655.10748178812));
#965 = VERTEX_POINT('',#966);
#966 = CARTESIAN_POINT('',(-15.42335313279,-275.4067912371,
    654.93490191328));
#967 = SURFACE_CURVE('',#968,(#973,#980),.PCURVE_S1.);
#968 = CIRCLE('',#969,8.628993741899E-02);
#969 = AXIS2_PLACEMENT_3D('',#970,#971,#972);
#970 = CARTESIAN_POINT('',(-15.42335313279,-275.4067912371,
    655.0211918507));
#971 = DIRECTION('',(6.475400626674E-17,-1.,-6.585737027495E-19));
#972 = DIRECTION('',(-0.,-6.585737027495E-19,1.));
#973 = PCURVE('',#281,#974);
#974 = DEFINITIONAL_REPRESENTATION('',(#975),#979);
#975 = CIRCLE('',#976,8.6289937419E-02);
#976 = AXIS2_PLACEMENT_2D('',#977,#978);
#977 = CARTESIAN_POINT('',(77.538432305481,15.42335313279));
#978 = DIRECTION('',(1.,0.));
#979 = ( GEOMETRIC_REPRESENTATION_CONTEXT(2) 
PARAMETRIC_REPRESENTATION_CONTEXT() REPRESENTATION_CONTEXT('2D SPACE',''
  ) );
#980 = PCURVE('',#981,#986);
#981 = PLANE('',#982);
#982 = AXIS2_PLACEMENT_3D('',#983,#984,#985);
#983 = CARTESIAN_POINT('',(-305.9400000711,-275.406791,271.5427594741));
#984 = DIRECTION('',(-0.,1.,0.));
#985 = DIRECTION('',(0.,0.,1.));
#986 = DEFINITIONAL_REPRESENTATION('',(#987),#995);
#987 = ( BOUNDED_CURVE() B_SPLINE_CURVE(2,(#988,#989,#990,#991,#992,#993
,#994),.UNSPECIFIED.,.T.,.F.) B_SPLINE_CURVE_WITH_KNOTS((1,2,2,2,2,1),(
    -2.094395102393,0.,2.094395102393,4.188790204786,6.28318530718,
8.377580409573),.UNSPECIFIED.) CURVE() GEOMETRIC_REPRESENTATION_ITEM() 
RATIONAL_B_SPLINE_CURVE((1.,0.5,1.,0.5,1.,0.5,1.)) REPRESENTATION_ITEM(
  '') );
#988 = CARTESIAN_POINT('',(383.56472231402,290.51664693833));
#989 = CARTESIAN_POINT('',(383.56472231402,290.36718838254));
#990 = CARTESIAN_POINT('',(383.43528740789,290.44191766044));
#991 = CARTESIAN_POINT('',(383.30585250176,290.51664693833));
#992 = CARTESIAN_POINT('',(383.43528740789,290.59137621623));
#993 = CARTESIAN_POINT('',(383.56472231402,290.66610549412));
#994 = CARTESIAN_POINT('',(383.56472231402,290.51664693833));
#995 = ( GEOMETRIC_REPRESENTATION_CONTEXT(2) 
PARAMETRIC_REPRESENTATION_CONTEXT() REPRESENTATION_CONTEXT('2D SPACE',''
  ) );
#996 = ORIENTED_EDGE('',*,*,#997,.T.);
#997 = EDGE_CURVE('',#965,#963,#998,.T.);
#998 = SURFACE_CURVE('',#999,(#1004,#1011),.PCURVE_S1.);
#999 = CIRCLE('',#1000,8.628993741899E-02);
#1000 = AXIS2_PLACEMENT_3D('',#1001,#1002,#1003);
#1001 = CARTESIAN_POINT('',(-15.42335313279,-275.4067912371,
    655.0211918507));
#1002 = DIRECTION('',(6.475400626674E-17,-1.,-6.585737027495E-19));
#1003 = DIRECTION('',(-0.,-6.585737027495E-19,1.));
#1004 = PCURVE('',#281,#1005);
#1005 = DEFINITIONAL_REPRESENTATION('',(#1006),#1010);
#1006 = CIRCLE('',#1007,8.6289937419E-02);
#1007 = AXIS2_PLACEMENT_2D('',#1008,#1009);
#1008 = CARTESIAN_POINT('',(77.538432305481,15.42335313279));
#1009 = DIRECTION('',(1.,0.));
#1010 = ( GEOMETRIC_REPRESENTATION_CONTEXT(2) 
PARAMETRIC_REPRESENTATION_CONTEXT() REPRESENTATION_CONTEXT('2D SPACE',''
  ) );
#1011 = PCURVE('',#981,#1012);
#1012 = DEFINITIONAL_REPRESENTATION('',(#1013),#1021);
#1013 = ( BOUNDED_CURVE() B_SPLINE_CURVE(2,(#1014,#1015,#1016,#1017,
#1018,#1019,#1020),.UNSPECIFIED.,.T.,.F.) B_SPLINE_CURVE_WITH_KNOTS((1,2
    ,2,2,2,1),(-2.094395102393,0.,2.094395102393,4.188790204786,
6.28318530718,8.377580409573),.UNSPECIFIED.) CURVE() 
GEOMETRIC_REPRESENTATION_ITEM() RATIONAL_B_SPLINE_CURVE((1.,0.5,1.,0.5,
1.,0.5,1.)) REPRESENTATION_ITEM('') );
#1014 = CARTESIAN_POINT('',(383.56472231402,290.51664693833));
#1015 = CARTESIAN_POINT('',(383.56472231402,290.36718838254));
#1016 = CARTESIAN_POINT('',(383.43528740789,290.44191766044));
#1017 = CARTESIAN_POINT('',(383.30585250176,290.51664693833));
#1018 = CARTESIAN_POINT('',(383.43528740789,290.59137621623));
#1019 = CARTESIAN_POINT('',(383.56472231402,290.66610549412));
#1020 = CARTESIAN_POINT('',(383.56472231402,290.51664693833));
#1021 = ( GEOMETRIC_REPRESENTATION_CONTEXT(2) 
PARAMETRIC_REPRESENTATION_CONTEXT() REPRESENTATION_CONTEXT('2D SPACE',''
  ) );
#1022 = FACE_BOUND('',#1023,.F.);
#1023 = EDGE_LOOP('',(#1024,#1059));
#1024 = ORIENTED_EDGE('',*,*,#1025,.T.);
#1025 = EDGE_CURVE('',#1026,#1028,#1030,.T.);
#1026 = VERTEX_POINT('',#1027);
#1027 = CARTESIAN_POINT('',(-43.72167954359,-275.4067912371,
    642.54269162297));
#1028 = VERTEX_POINT('',#1029);
#1029 = CARTESIAN_POINT('',(-43.72167954359,-275.4067912371,
    642.37011174813));
#1030 = SURFACE_CURVE('',#1031,(#1036,#1043),.PCURVE_S1.);
#1031 = CIRCLE('',#1032,8.628993741899E-02);
#1032 = AXIS2_PLACEMENT_3D('',#1033,#1034,#1035);
#1033 = CARTESIAN_POINT('',(-43.72167954359,-275.4067912371,
    642.45640168555));
#1034 = DIRECTION('',(6.475400626674E-17,-1.,-6.585737027495E-19));
#1035 = DIRECTION('',(-0.,-6.585737027495E-19,1.));
#1036 = PCURVE('',#281,#1037);
#1037 = DEFINITIONAL_REPRESENTATION('',(#1038),#1042);
#1038 = CIRCLE('',#1039,8.6289937419E-02);
#1039 = AXIS2_PLACEMENT_2D('',#1040,#1041);
#1040 = CARTESIAN_POINT('',(64.973642140331,43.721679543594));
#1041 = DIRECTION('',(1.,0.));
#1042 = ( GEOMETRIC_REPRESENTATION_CONTEXT(2) 
PARAMETRIC_REPRESENTATION_CONTEXT() REPRESENTATION_CONTEXT('2D SPACE',''
  ) );
#1043 = PCURVE('',#1044,#1049);
#1044 = PLANE('',#1045);
#1045 = AXIS2_PLACEMENT_3D('',#1046,#1047,#1048);
#1046 = CARTESIAN_POINT('',(-305.9400000711,-275.406791,271.5427594741)
  );
#1047 = DIRECTION('',(-0.,1.,0.));
#1048 = DIRECTION('',(0.,0.,1.));
#1049 = DEFINITIONAL_REPRESENTATION('',(#1050),#1058);
#1050 = ( BOUNDED_CURVE() B_SPLINE_CURVE(2,(#1051,#1052,#1053,#1054,
#1055,#1056,#1057),.UNSPECIFIED.,.T.,.F.) B_SPLINE_CURVE_WITH_KNOTS((1,2
    ,2,2,2,1),(-2.094395102393,0.,2.094395102393,4.188790204786,
6.28318530718,8.377580409573),.UNSPECIFIED.) CURVE() 
GEOMETRIC_REPRESENTATION_ITEM() RATIONAL_B_SPLINE_CURVE((1.,0.5,1.,0.5,
1.,0.5,1.)) REPRESENTATION_ITEM('') );
#1051 = CARTESIAN_POINT('',(370.99993214887,262.21832052753));
#1052 = CARTESIAN_POINT('',(370.99993214887,262.06886197174));
#1053 = CARTESIAN_POINT('',(370.87049724274,262.14359124963));
#1054 = CARTESIAN_POINT('',(370.74106233661,262.21832052753));
#1055 = CARTESIAN_POINT('',(370.87049724274,262.29304980542));
#1056 = CARTESIAN_POINT('',(370.99993214887,262.36777908332));
#1057 = CARTESIAN_POINT('',(370.99993214887,262.21832052753));
#1058 = ( GEOMETRIC_REPRESENTATION_CONTEXT(2) 
PARAMETRIC_REPRESENTATION_CONTEXT() REPRESENTATION_CONTEXT('2D SPACE',''
  ) );
#1059 = ORIENTED_EDGE('',*,*,#1060,.T.);
#1060 = EDGE_CURVE('',#1028,#1026,#1061,.T.);
#1061 = SURFACE_CURVE('',#1062,(#1067,#1074),.PCURVE_S1.);
#1062 = CIRCLE('',#1063,8.628993741899E-02);
#1063 = AXIS2_PLACEMENT_3D('',#1064,#1065,#1066);
#1064 = CARTESIAN_POINT('',(-43.72167954359,-275.4067912371,
    642.45640168555));
#1065 = DIRECTION('',(6.475400626674E-17,-1.,-6.585737027495E-19));
#1066 = DIRECTION('',(-0.,-6.585737027495E-19,1.));
#1067 = PCURVE('',#281,#1068);
#1068 = DEFINITIONAL_REPRESENTATION('',(#1069),#1073);
#1069 = CIRCLE('',#1070,8.6289937419E-02);
#1070 = AXIS2_PLACEMENT_2D('',#1071,#1072);
#1071 = CARTESIAN_POINT('',(64.973642140331,43.721679543594));
#1072 = DIRECTION('',(1.,0.));
#1073 = ( GEOMETRIC_REPRESENTATION_CONTEXT(2) 
PARAMETRIC_REPRESENTATION_CONTEXT() REPRESENTATION_CONTEXT('2D SPACE',''
  ) );
#1074 = PCURVE('',#1044,#1075);
#1075 = DEFINITIONAL_REPRESENTATION('',(#1076),#1084);
#1076 = ( BOUNDED_CURVE() B_SPLINE_CURVE(2,(#1077,#1078,#1079,#1080,
#1081,#1082,#1083),.UNSPECIFIED.,.T.,.F.) B_SPLINE_CURVE_WITH_KNOTS((1,2
    ,2,2,2,1),(-2.094395102393,0.,2.094395102393,4.188790204786,
6.28318530718,8.377580409573),.UNSPECIFIED.) CURVE() 
GEOMETRIC_REPRESENTATION_ITEM() RATIONAL_B_SPLINE_CURVE((1.,0.5,1.,0.5,
1.,0.5,1.)) REPRESENTATION_ITEM('') );
#1077 = CARTESIAN_POINT('',(370.99993214887,262.21832052753));
#1078 = CARTESIAN_POINT('',(370.99993214887,262.06886197174));
#1079 = CARTESIAN_POINT('',(370.87049724274,262.14359124963));
#1080 = CARTESIAN_POINT('',(370.74106233661,262.21832052753));
#1081 = CARTESIAN_POINT('',(370.87049724274,262.29304980542));
#1082 = CARTESIAN_POINT('',(370.99993214887,262.36777908332));
#1083 = CARTESIAN_POINT('',(370.99993214887,262.21832052753));
#1084 = ( GEOMETRIC_REPRESENTATION_CONTEXT(2) 
PARAMETRIC_REPRESENTATION_CONTEXT() REPRESENTATION_CONTEXT('2D SPACE',''
  ) );
#1085 = FACE_BOUND('',#1086,.F.);
#1086 = EDGE_LOOP('',(#1087,#1122));
#1087 = ORIENTED_EDGE('',*,*,#1088,.T.);
#1088 = EDGE_CURVE('',#1089,#1091,#1093,.T.);
#1089 = VERTEX_POINT('',#1090);
#1090 = CARTESIAN_POINT('',(43.921993696947,-275.4067912371,
    643.30295835726));
#1091 = VERTEX_POINT('',#1092);
#1092 = CARTESIAN_POINT('',(43.921993696947,-275.4067912371,
    643.13037848242));
#1093 = SURFACE_CURVE('',#1094,(#1099,#1106),.PCURVE_S1.);
#1094 = CIRCLE('',#1095,8.628993741899E-02);
#1095 = AXIS2_PLACEMENT_3D('',#1096,#1097,#1098);
#1096 = CARTESIAN_POINT('',(43.921993696947,-275.4067912371,
    643.21666841984));
#1097 = DIRECTION('',(6.475400626674E-17,-1.,-6.585737027495E-19));
#1098 = DIRECTION('',(-0.,-6.585737027495E-19,1.));
#1099 = PCURVE('',#281,#1100);
#1100 = DEFINITIONAL_REPRESENTATION('',(#1101),#1105);
#1101 = CIRCLE('',#1102,8.6289937419E-02);
#1102 = AXIS2_PLACEMENT_2D('',#1103,#1104);
#1103 = CARTESIAN_POINT('',(65.733908874615,-43.92199369694));
#1104 = DIRECTION('',(1.,0.));
#1105 = ( GEOMETRIC_REPRESENTATION_CONTEXT(2) 
PARAMETRIC_REPRESENTATION_CONTEXT() REPRESENTATION_CONTEXT('2D SPACE',''
  ) );
#1106 = PCURVE('',#1107,#1112);
#1107 = PLANE('',#1108);
#1108 = AXIS2_PLACEMENT_3D('',#1109,#1110,#1111);
#1109 = CARTESIAN_POINT('',(-305.9400000711,-275.406791,271.5427594741)
  );
#1110 = DIRECTION('',(-0.,1.,0.));
#1111 = DIRECTION('',(0.,0.,1.));
#1112 = DEFINITIONAL_REPRESENTATION('',(#1113),#1121);
#1113 = ( BOUNDED_CURVE() B_SPLINE_CURVE(2,(#1114,#1115,#1116,#1117,
#1118,#1119,#1120),.UNSPECIFIED.,.T.,.F.) B_SPLINE_CURVE_WITH_KNOTS((1,2
    ,2,2,2,1),(-2.094395102393,0.,2.094395102393,4.188790204786,
6.28318530718,8.377580409573),.UNSPECIFIED.) CURVE() 
GEOMETRIC_REPRESENTATION_ITEM() RATIONAL_B_SPLINE_CURVE((1.,0.5,1.,0.5,
1.,0.5,1.)) REPRESENTATION_ITEM('') );
#1114 = CARTESIAN_POINT('',(371.76019888316,349.86199376807));
#1115 = CARTESIAN_POINT('',(371.76019888316,349.71253521228));
#1116 = CARTESIAN_POINT('',(371.63076397703,349.78726449017));
#1117 = CARTESIAN_POINT('',(371.5013290709,349.86199376807));
#1118 = CARTESIAN_POINT('',(371.63076397703,349.93672304596));
#1119 = CARTESIAN_POINT('',(371.76019888316,350.01145232386));
#1120 = CARTESIAN_POINT('',(371.76019888316,349.86199376807));
#1121 = ( GEOMETRIC_REPRESENTATION_CONTEXT(2) 
PARAMETRIC_REPRESENTATION_CONTEXT() REPRESENTATION_CONTEXT('2D SPACE',''
  ) );
#1122 = ORIENTED_EDGE('',*,*,#1123,.T.);
#1123 = EDGE_CURVE('',#1091,#1089,#1124,.T.);
#1124 = SURFACE_CURVE('',#1125,(#1130,#1137),.PCURVE_S1.);
#1125 = CIRCLE('',#1126,8.628993741899E-02);
#1126 = AXIS2_PLACEMENT_3D('',#1127,#1128,#1129);
#1127 = CARTESIAN_POINT('',(43.921993696947,-275.4067912371,
    643.21666841984));
#1128 = DIRECTION('',(6.475400626674E-17,-1.,-6.585737027495E-19));
#1129 = DIRECTION('',(-0.,-6.585737027495E-19,1.));
#1130 = PCURVE('',#281,#1131);
#1131 = DEFINITIONAL_REPRESENTATION('',(#1132),#1136);
#1132 = CIRCLE('',#1133,8.6289937419E-02);
#1133 = AXIS2_PLACEMENT_2D('',#1134,#1135);
#1134 = CARTESIAN_POINT('',(65.733908874615,-43.92199369694));
#1135 = DIRECTION('',(1.,0.));
#1136 = ( GEOMETRIC_REPRESENTATION_CONTEXT(2) 
PARAMETRIC_REPRESENTATION_CONTEXT() REPRESENTATION_CONTEXT('2D SPACE',''
  ) );
#1137 = PCURVE('',#1107,#1138);
#1138 = DEFINITIONAL_REPRESENTATION('',(#1139),#1147);
#1139 = ( BOUNDED_CURVE() B_SPLINE_CURVE(2,(#1140,#1141,#1142,#1143,
#1144,#1145,#1146),.UNSPECIFIED.,.T.,.F.) B_SPLINE_CURVE_WITH_KNOTS((1,2
    ,2,2,2,1),(-2.094395102393,0.,2.094395102393,4.188790204786,
6.28318530718,8.377580409573),.UNSPECIFIED.) CURVE() 
GEOMETRIC_REPRESENTATION_ITEM() RATIONAL_B_SPLINE_CURVE((1.,0.5,1.,0.5,
1.,0.5,1.)) REPRESENTATION_ITEM('') );
#1140 = CARTESIAN_POINT('',(371.76019888316,349.86199376807));
#1141 = CARTESIAN_POINT('',(371.76019888316,349.71253521228));
#1142 = CARTESIAN_POINT('',(371.63076397703,349.78726449017));
#1143 = CARTESIAN_POINT('',(371.5013290709,349.86199376807));
#1144 = CARTESIAN_POINT('',(371.63076397703,349.93672304596));
#1145 = CARTESIAN_POINT('',(371.76019888316,350.01145232386));
#1146 = CARTESIAN_POINT('',(371.76019888316,349.86199376807));
#1147 = ( GEOMETRIC_REPRESENTATION_CONTEXT(2) 
PARAMETRIC_REPRESENTATION_CONTEXT() REPRESENTATION_CONTEXT('2D SPACE',''
  ) );
#1148 = FACE_BOUND('',#1149,.F.);
#1149 = EDGE_LOOP('',(#1150,#1185));
#1150 = ORIENTED_EDGE('',*,*,#1151,.T.);
#1151 = EDGE_CURVE('',#1152,#1154,#1156,.T.);
#1152 = VERTEX_POINT('',#1153);
#1153 = CARTESIAN_POINT('',(15.423353132789,-275.4067912371,
    500.03061717717));
#1154 = VERTEX_POINT('',#1155);
#1155 = CARTESIAN_POINT('',(15.423353132789,-275.4067912371,
    499.85803730233));
#1156 = SURFACE_CURVE('',#1157,(#1162,#1169),.PCURVE_S1.);
#1157 = CIRCLE('',#1158,8.628993741905E-02);
#1158 = AXIS2_PLACEMENT_3D('',#1159,#1160,#1161);
#1159 = CARTESIAN_POINT('',(15.423353132789,-275.4067912371,
    499.94432723975));
#1160 = DIRECTION('',(6.475400626674E-17,-1.,-6.585737027495E-19));
#1161 = DIRECTION('',(-0.,-6.585737027495E-19,1.));
#1162 = PCURVE('',#281,#1163);
#1163 = DEFINITIONAL_REPRESENTATION('',(#1164),#1168);
#1164 = CIRCLE('',#1165,8.628993741905E-02);
#1165 = AXIS2_PLACEMENT_2D('',#1166,#1167);
#1166 = CARTESIAN_POINT('',(-77.53843230547,-15.42335313278));
#1167 = DIRECTION('',(1.,0.));
#1168 = ( GEOMETRIC_REPRESENTATION_CONTEXT(2) 
PARAMETRIC_REPRESENTATION_CONTEXT() REPRESENTATION_CONTEXT('2D SPACE',''
  ) );
#1169 = PCURVE('',#1170,#1175);
#1170 = PLANE('',#1171);
#1171 = AXIS2_PLACEMENT_3D('',#1172,#1173,#1174);
#1172 = CARTESIAN_POINT('',(-305.9400000711,-275.406791,271.5427594741)
  );
#1173 = DIRECTION('',(-0.,1.,0.));
#1174 = DIRECTION('',(0.,0.,1.));
#1175 = DEFINITIONAL_REPRESENTATION('',(#1176),#1184);
#1176 = ( BOUNDED_CURVE() B_SPLINE_CURVE(2,(#1177,#1178,#1179,#1180,
#1181,#1182,#1183),.UNSPECIFIED.,.T.,.F.) B_SPLINE_CURVE_WITH_KNOTS((1,2
    ,2,2,2,1),(-2.094395102393,0.,2.094395102393,4.188790204786,
6.28318530718,8.377580409573),.UNSPECIFIED.) CURVE() 
GEOMETRIC_REPRESENTATION_ITEM() RATIONAL_B_SPLINE_CURVE((1.,0.5,1.,0.5,
1.,0.5,1.)) REPRESENTATION_ITEM('') );
#1177 = CARTESIAN_POINT('',(228.48785770307,321.36335320391));
#1178 = CARTESIAN_POINT('',(228.48785770307,321.21389464812));
#1179 = CARTESIAN_POINT('',(228.35842279694,321.28862392601));
#1180 = CARTESIAN_POINT('',(228.22898789081,321.36335320391));
#1181 = CARTESIAN_POINT('',(228.35842279694,321.43808248181));
#1182 = CARTESIAN_POINT('',(228.48785770307,321.5128117597));
#1183 = CARTESIAN_POINT('',(228.48785770307,321.36335320391));
#1184 = ( GEOMETRIC_REPRESENTATION_CONTEXT(2) 
PARAMETRIC_REPRESENTATION_CONTEXT() REPRESENTATION_CONTEXT('2D SPACE',''
  ) );
#1185 = ORIENTED_EDGE('',*,*,#1186,.T.);
#1186 = EDGE_CURVE('',#1154,#1152,#1187,.T.);
#1187 = SURFACE_CURVE('',#1188,(#1193,#1200),.PCURVE_S1.);
#1188 = CIRCLE('',#1189,8.628993741905E-02);
#1189 = AXIS2_PLACEMENT_3D('',#1190,#1191,#1192);
#1190 = CARTESIAN_POINT('',(15.423353132789,-275.4067912371,
    499.94432723975));
#1191 = DIRECTION('',(6.475400626674E-17,-1.,-6.585737027495E-19));
#1192 = DIRECTION('',(-0.,-6.585737027495E-19,1.));
#1193 = PCURVE('',#281,#1194);
#1194 = DEFINITIONAL_REPRESENTATION('',(#1195),#1199);
#1195 = CIRCLE('',#1196,8.628993741905E-02);
#1196 = AXIS2_PLACEMENT_2D('',#1197,#1198);
#1197 = CARTESIAN_POINT('',(-77.53843230547,-15.42335313278));
#1198 = DIRECTION('',(1.,0.));
#1199 = ( GEOMETRIC_REPRESENTATION_CONTEXT(2) 
PARAMETRIC_REPRESENTATION_CONTEXT() REPRESENTATION_CONTEXT('2D SPACE',''
  ) );
#1200 = PCURVE('',#1170,#1201);
#1201 = DEFINITIONAL_REPRESENTATION('',(#1202),#1210);
#1202 = ( BOUNDED_CURVE() B_SPLINE_CURVE(2,(#1203,#1204,#1205,#1206,
#1207,#1208,#1209),.UNSPECIFIED.,.T.,.F.) B_SPLINE_CURVE_WITH_KNOTS((1,2
    ,2,2,2,1),(-2.094395102393,0.,2.094395102393,4.188790204786,
6.28318530718,8.377580409573),.UNSPECIFIED.) CURVE() 
GEOMETRIC_REPRESENTATION_ITEM() RATIONAL_B_SPLINE_CURVE((1.,0.5,1.,0.5,
1.,0.5,1.)) REPRESENTATION_ITEM('') );
#1203 = CARTESIAN_POINT('',(228.48785770307,321.36335320391));
#1204 = CARTESIAN_POINT('',(228.48785770307,321.21389464812));
#1205 = CARTESIAN_POINT('',(228.35842279694,321.28862392601));
#1206 = CARTESIAN_POINT('',(228.22898789081,321.36335320391));
#1207 = CARTESIAN_POINT('',(228.35842279694,321.43808248181));
#1208 = CARTESIAN_POINT('',(228.48785770307,321.5128117597));
#1209 = CARTESIAN_POINT('',(228.48785770307,321.36335320391));
#1210 = ( GEOMETRIC_REPRESENTATION_CONTEXT(2) 
PARAMETRIC_REPRESENTATION_CONTEXT() REPRESENTATION_CONTEXT('2D SPACE',''
  ) );
#1211 = FACE_BOUND('',#1212,.F.);
#1212 = EDGE_LOOP('',(#1213,#1248));
#1213 = ORIENTED_EDGE('',*,*,#1214,.T.);
#1214 = EDGE_CURVE('',#1215,#1217,#1219,.T.);
#1215 = VERTEX_POINT('',#1216);
#1216 = CARTESIAN_POINT('',(-77.53843230547,-275.4067912371,
    562.14569634986));
#1217 = VERTEX_POINT('',#1218);
#1218 = CARTESIAN_POINT('',(-77.53843230547,-275.4067912371,
    561.97311647502));
#1219 = SURFACE_CURVE('',#1220,(#1225,#1232),.PCURVE_S1.);
#1220 = CIRCLE('',#1221,8.628993741899E-02);
#1221 = AXIS2_PLACEMENT_3D('',#1222,#1223,#1224);
#1222 = CARTESIAN_POINT('',(-77.53843230547,-275.4067912371,
    562.05940641244));
#1223 = DIRECTION('',(6.475400626674E-17,-1.,-6.585737027495E-19));
#1224 = DIRECTION('',(-0.,-6.585737027495E-19,1.));
#1225 = PCURVE('',#281,#1226);
#1226 = DEFINITIONAL_REPRESENTATION('',(#1227),#1231);
#1227 = CIRCLE('',#1228,8.6289937419E-02);
#1228 = AXIS2_PLACEMENT_2D('',#1229,#1230);
#1229 = CARTESIAN_POINT('',(-15.42335313278,77.538432305479));
#1230 = DIRECTION('',(1.,0.));
#1231 = ( GEOMETRIC_REPRESENTATION_CONTEXT(2) 
PARAMETRIC_REPRESENTATION_CONTEXT() REPRESENTATION_CONTEXT('2D SPACE',''
  ) );
#1232 = PCURVE('',#1233,#1238);
#1233 = PLANE('',#1234);
#1234 = AXIS2_PLACEMENT_3D('',#1235,#1236,#1237);
#1235 = CARTESIAN_POINT('',(-305.9400000711,-275.406791,271.5427594741)
  );
#1236 = DIRECTION('',(-0.,1.,0.));
#1237 = DIRECTION('',(0.,0.,1.));
#1238 = DEFINITIONAL_REPRESENTATION('',(#1239),#1247);
#1239 = ( BOUNDED_CURVE() B_SPLINE_CURVE(2,(#1240,#1241,#1242,#1243,
#1244,#1245,#1246),.UNSPECIFIED.,.T.,.F.) B_SPLINE_CURVE_WITH_KNOTS((1,2
    ,2,2,2,1),(-2.094395102393,0.,2.094395102393,4.188790204786,
6.28318530718,8.377580409573),.UNSPECIFIED.) CURVE() 
GEOMETRIC_REPRESENTATION_ITEM() RATIONAL_B_SPLINE_CURVE((1.,0.5,1.,0.5,
1.,0.5,1.)) REPRESENTATION_ITEM('') );
#1240 = CARTESIAN_POINT('',(290.60293687576,228.40156776564));
#1241 = CARTESIAN_POINT('',(290.60293687576,228.25210920985));
#1242 = CARTESIAN_POINT('',(290.47350196963,228.32683848775));
#1243 = CARTESIAN_POINT('',(290.3440670635,228.40156776564));
#1244 = CARTESIAN_POINT('',(290.47350196963,228.47629704354));
#1245 = CARTESIAN_POINT('',(290.60293687576,228.55102632143));
#1246 = CARTESIAN_POINT('',(290.60293687576,228.40156776564));
#1247 = ( GEOMETRIC_REPRESENTATION_CONTEXT(2) 
PARAMETRIC_REPRESENTATION_CONTEXT() REPRESENTATION_CONTEXT('2D SPACE',''
  ) );
#1248 = ORIENTED_EDGE('',*,*,#1249,.T.);
#1249 = EDGE_CURVE('',#1217,#1215,#1250,.T.);
#1250 = SURFACE_CURVE('',#1251,(#1256,#1263),.PCURVE_S1.);
#1251 = CIRCLE('',#1252,8.628993741899E-02);
#1252 = AXIS2_PLACEMENT_3D('',#1253,#1254,#1255);
#1253 = CARTESIAN_POINT('',(-77.53843230547,-275.4067912371,
    562.05940641244));
#1254 = DIRECTION('',(6.475400626674E-17,-1.,-6.585737027495E-19));
#1255 = DIRECTION('',(-0.,-6.585737027495E-19,1.));
#1256 = PCURVE('',#281,#1257);
#1257 = DEFINITIONAL_REPRESENTATION('',(#1258),#1262);
#1258 = CIRCLE('',#1259,8.6289937419E-02);
#1259 = AXIS2_PLACEMENT_2D('',#1260,#1261);
#1260 = CARTESIAN_POINT('',(-15.42335313278,77.538432305479));
#1261 = DIRECTION('',(1.,0.));
#1262 = ( GEOMETRIC_REPRESENTATION_CONTEXT(2) 
PARAMETRIC_REPRESENTATION_CONTEXT() REPRESENTATION_CONTEXT('2D SPACE',''
  ) );
#1263 = PCURVE('',#1233,#1264);
#1264 = DEFINITIONAL_REPRESENTATION('',(#1265),#1273);
#1265 = ( BOUNDED_CURVE() B_SPLINE_CURVE(2,(#1266,#1267,#1268,#1269,
#1270,#1271,#1272),.UNSPECIFIED.,.T.,.F.) B_SPLINE_CURVE_WITH_KNOTS((1,2
    ,2,2,2,1),(-2.094395102393,0.,2.094395102393,4.188790204786,
6.28318530718,8.377580409573),.UNSPECIFIED.) CURVE() 
GEOMETRIC_REPRESENTATION_ITEM() RATIONAL_B_SPLINE_CURVE((1.,0.5,1.,0.5,
1.,0.5,1.)) REPRESENTATION_ITEM('') );
#1266 = CARTESIAN_POINT('',(290.60293687576,228.40156776564));
#1267 = CARTESIAN_POINT('',(290.60293687576,228.25210920985));
#1268 = CARTESIAN_POINT('',(290.47350196963,228.32683848775));
#1269 = CARTESIAN_POINT('',(290.3440670635,228.40156776564));
#1270 = CARTESIAN_POINT('',(290.47350196963,228.47629704354));
#1271 = CARTESIAN_POINT('',(290.60293687576,228.55102632143));
#1272 = CARTESIAN_POINT('',(290.60293687576,228.40156776564));
#1273 = ( GEOMETRIC_REPRESENTATION_CONTEXT(2) 
PARAMETRIC_REPRESENTATION_CONTEXT() REPRESENTATION_CONTEXT('2D SPACE',''
  ) );
#1274 = FACE_BOUND('',#1275,.F.);
#1275 = EDGE_LOOP('',(#1276,#1311));
#1276 = ORIENTED_EDGE('',*,*,#1277,.T.);
#1277 = EDGE_CURVE('',#1278,#1280,#1282,.T.);
#1278 = VERTEX_POINT('',#1279);
#1279 = CARTESIAN_POINT('',(77.538432305478,-275.4067912371,
    592.99240261544));
#1280 = VERTEX_POINT('',#1281);
#1281 = CARTESIAN_POINT('',(77.538432305478,-275.4067912371,
    592.8198227406));
#1282 = SURFACE_CURVE('',#1283,(#1288,#1295),.PCURVE_S1.);
#1283 = CIRCLE('',#1284,8.628993741899E-02);
#1284 = AXIS2_PLACEMENT_3D('',#1285,#1286,#1287);
#1285 = CARTESIAN_POINT('',(77.538432305478,-275.4067912371,
    592.90611267802));
#1286 = DIRECTION('',(6.475400626674E-17,-1.,-6.585737027495E-19));
#1287 = DIRECTION('',(-0.,-6.585737027495E-19,1.));
#1288 = PCURVE('',#281,#1289);
#1289 = DEFINITIONAL_REPRESENTATION('',(#1290),#1294);
#1290 = CIRCLE('',#1291,8.6289937419E-02);
#1291 = AXIS2_PLACEMENT_2D('',#1292,#1293);
#1292 = CARTESIAN_POINT('',(15.423353132797,-77.53843230547));
#1293 = DIRECTION('',(1.,0.));
#1294 = ( GEOMETRIC_REPRESENTATION_CONTEXT(2) 
PARAMETRIC_REPRESENTATION_CONTEXT() REPRESENTATION_CONTEXT('2D SPACE',''
  ) );
#1295 = PCURVE('',#1296,#1301);
#1296 = PLANE('',#1297);
#1297 = AXIS2_PLACEMENT_3D('',#1298,#1299,#1300);
#1298 = CARTESIAN_POINT('',(-305.9400000711,-275.406791,271.5427594741)
  );
#1299 = DIRECTION('',(-0.,1.,0.));
#1300 = DIRECTION('',(0.,0.,1.));
#1301 = DEFINITIONAL_REPRESENTATION('',(#1302),#1310);
#1302 = ( BOUNDED_CURVE() B_SPLINE_CURVE(2,(#1303,#1304,#1305,#1306,
#1307,#1308,#1309),.UNSPECIFIED.,.T.,.F.) B_SPLINE_CURVE_WITH_KNOTS((1,2
    ,2,2,2,1),(-2.094395102393,0.,2.094395102393,4.188790204786,
6.28318530718,8.377580409573),.UNSPECIFIED.) CURVE() 
GEOMETRIC_REPRESENTATION_ITEM() RATIONAL_B_SPLINE_CURVE((1.,0.5,1.,0.5,
1.,0.5,1.)) REPRESENTATION_ITEM('') );
#1303 = CARTESIAN_POINT('',(321.44964314134,383.4784323766));
#1304 = CARTESIAN_POINT('',(321.44964314134,383.32897382081));
#1305 = CARTESIAN_POINT('',(321.32020823521,383.4037030987));
#1306 = CARTESIAN_POINT('',(321.19077332908,383.4784323766));
#1307 = CARTESIAN_POINT('',(321.32020823521,383.55316165449));
#1308 = CARTESIAN_POINT('',(321.44964314134,383.62789093239));
#1309 = CARTESIAN_POINT('',(321.44964314134,383.4784323766));
#1310 = ( GEOMETRIC_REPRESENTATION_CONTEXT(2) 
PARAMETRIC_REPRESENTATION_CONTEXT() REPRESENTATION_CONTEXT('2D SPACE',''
  ) );
#1311 = ORIENTED_EDGE('',*,*,#1312,.T.);
#1312 = EDGE_CURVE('',#1280,#1278,#1313,.T.);
#1313 = SURFACE_CURVE('',#1314,(#1319,#1326),.PCURVE_S1.);
#1314 = CIRCLE('',#1315,8.628993741899E-02);
#1315 = AXIS2_PLACEMENT_3D('',#1316,#1317,#1318);
#1316 = CARTESIAN_POINT('',(77.538432305478,-275.4067912371,
    592.90611267802));
#1317 = DIRECTION('',(6.475400626674E-17,-1.,-6.585737027495E-19));
#1318 = DIRECTION('',(-0.,-6.585737027495E-19,1.));
#1319 = PCURVE('',#281,#1320);
#1320 = DEFINITIONAL_REPRESENTATION('',(#1321),#1325);
#1321 = CIRCLE('',#1322,8.6289937419E-02);
#1322 = AXIS2_PLACEMENT_2D('',#1323,#1324);
#1323 = CARTESIAN_POINT('',(15.423353132797,-77.53843230547));
#1324 = DIRECTION('',(1.,0.));
#1325 = ( GEOMETRIC_REPRESENTATION_CONTEXT(2) 
PARAMETRIC_REPRESENTATION_CONTEXT() REPRESENTATION_CONTEXT('2D SPACE',''
  ) );
#1326 = PCURVE('',#1296,#1327);
#1327 = DEFINITIONAL_REPRESENTATION('',(#1328),#1336);
#1328 = ( BOUNDED_CURVE() B_SPLINE_CURVE(2,(#1329,#1330,#1331,#1332,
#1333,#1334,#1335),.UNSPECIFIED.,.T.,.F.) B_SPLINE_CURVE_WITH_KNOTS((1,2
    ,2,2,2,1),(-2.094395102393,0.,2.094395102393,4.188790204786,
6.28318530718,8.377580409573),.UNSPECIFIED.) CURVE() 
GEOMETRIC_REPRESENTATION_ITEM() RATIONAL_B_SPLINE_CURVE((1.,0.5,1.,0.5,
1.,0.5,1.)) REPRESENTATION_ITEM('') );
#1329 = CARTESIAN_POINT('',(321.44964314134,383.4784323766));
#1330 = CARTESIAN_POINT('',(321.44964314134,383.32897382081));
#1331 = CARTESIAN_POINT('',(321.32020823521,383.4037030987));
#1332 = CARTESIAN_POINT('',(321.19077332908,383.4784323766));
#1333 = CARTESIAN_POINT('',(321.32020823521,383.55316165449));
#1334 = CARTESIAN_POINT('',(321.44964314134,383.62789093239));
#1335 = CARTESIAN_POINT('',(321.44964314134,383.4784323766));
#1336 = ( GEOMETRIC_REPRESENTATION_CONTEXT(2) 
PARAMETRIC_REPRESENTATION_CONTEXT() REPRESENTATION_CONTEXT('2D SPACE',''
  ) );
#1337 = FACE_BOUND('',#1338,.F.);
#1338 = EDGE_LOOP('',(#1339,#1374));
#1339 = ORIENTED_EDGE('',*,*,#1340,.T.);
#1340 = EDGE_CURVE('',#1341,#1343,#1345,.T.);
#1341 = VERTEX_POINT('',#1342);
#1342 = CARTESIAN_POINT('',(77.538432305478,-275.4067912371,
    562.14569634986));
#1343 = VERTEX_POINT('',#1344);
#1344 = CARTESIAN_POINT('',(77.538432305478,-275.4067912371,
    561.97311647502));
#1345 = SURFACE_CURVE('',#1346,(#1351,#1358),.PCURVE_S1.);
#1346 = CIRCLE('',#1347,8.628993741899E-02);
#1347 = AXIS2_PLACEMENT_3D('',#1348,#1349,#1350);
#1348 = CARTESIAN_POINT('',(77.538432305478,-275.4067912371,
    562.05940641244));
#1349 = DIRECTION('',(6.475400626674E-17,-1.,-6.585737027495E-19));
#1350 = DIRECTION('',(-0.,-6.585737027495E-19,1.));
#1351 = PCURVE('',#281,#1352);
#1352 = DEFINITIONAL_REPRESENTATION('',(#1353),#1357);
#1353 = CIRCLE('',#1354,8.6289937419E-02);
#1354 = AXIS2_PLACEMENT_2D('',#1355,#1356);
#1355 = CARTESIAN_POINT('',(-15.42335313278,-77.53843230547));
#1356 = DIRECTION('',(1.,0.));
#1357 = ( GEOMETRIC_REPRESENTATION_CONTEXT(2) 
PARAMETRIC_REPRESENTATION_CONTEXT() REPRESENTATION_CONTEXT('2D SPACE',''
  ) );
#1358 = PCURVE('',#1359,#1364);
#1359 = PLANE('',#1360);
#1360 = AXIS2_PLACEMENT_3D('',#1361,#1362,#1363);
#1361 = CARTESIAN_POINT('',(-305.9400000711,-275.406791,271.5427594741)
  );
#1362 = DIRECTION('',(-0.,1.,0.));
#1363 = DIRECTION('',(0.,0.,1.));
#1364 = DEFINITIONAL_REPRESENTATION('',(#1365),#1373);
#1365 = ( BOUNDED_CURVE() B_SPLINE_CURVE(2,(#1366,#1367,#1368,#1369,
#1370,#1371,#1372),.UNSPECIFIED.,.T.,.F.) B_SPLINE_CURVE_WITH_KNOTS((1,2
    ,2,2,2,1),(-2.094395102393,0.,2.094395102393,4.188790204786,
6.28318530718,8.377580409573),.UNSPECIFIED.) CURVE() 
GEOMETRIC_REPRESENTATION_ITEM() RATIONAL_B_SPLINE_CURVE((1.,0.5,1.,0.5,
1.,0.5,1.)) REPRESENTATION_ITEM('') );
#1366 = CARTESIAN_POINT('',(290.60293687576,383.4784323766));
#1367 = CARTESIAN_POINT('',(290.60293687576,383.32897382081));
#1368 = CARTESIAN_POINT('',(290.47350196963,383.4037030987));
#1369 = CARTESIAN_POINT('',(290.3440670635,383.4784323766));
#1370 = CARTESIAN_POINT('',(290.47350196963,383.55316165449));
#1371 = CARTESIAN_POINT('',(290.60293687576,383.62789093239));
#1372 = CARTESIAN_POINT('',(290.60293687576,383.4784323766));
#1373 = ( GEOMETRIC_REPRESENTATION_CONTEXT(2) 
PARAMETRIC_REPRESENTATION_CONTEXT() REPRESENTATION_CONTEXT('2D SPACE',''
  ) );
#1374 = ORIENTED_EDGE('',*,*,#1375,.T.);
#1375 = EDGE_CURVE('',#1343,#1341,#1376,.T.);
#1376 = SURFACE_CURVE('',#1377,(#1382,#1389),.PCURVE_S1.);
#1377 = CIRCLE('',#1378,8.628993741899E-02);
#1378 = AXIS2_PLACEMENT_3D('',#1379,#1380,#1381);
#1379 = CARTESIAN_POINT('',(77.538432305478,-275.4067912371,
    562.05940641244));
#1380 = DIRECTION('',(6.475400626674E-17,-1.,-6.585737027495E-19));
#1381 = DIRECTION('',(-0.,-6.585737027495E-19,1.));
#1382 = PCURVE('',#281,#1383);
#1383 = DEFINITIONAL_REPRESENTATION('',(#1384),#1388);
#1384 = CIRCLE('',#1385,8.6289937419E-02);
#1385 = AXIS2_PLACEMENT_2D('',#1386,#1387);
#1386 = CARTESIAN_POINT('',(-15.42335313278,-77.53843230547));
#1387 = DIRECTION('',(1.,0.));
#1388 = ( GEOMETRIC_REPRESENTATION_CONTEXT(2) 
PARAMETRIC_REPRESENTATION_CONTEXT() REPRESENTATION_CONTEXT('2D SPACE',''
  ) );
#1389 = PCURVE('',#1359,#1390);
#1390 = DEFINITIONAL_REPRESENTATION('',(#1391),#1399);
#1391 = ( BOUNDED_CURVE() B_SPLINE_CURVE(2,(#1392,#1393,#1394,#1395,
#1396,#1397,#1398),.UNSPECIFIED.,.T.,.F.) B_SPLINE_CURVE_WITH_KNOTS((1,2
    ,2,2,2,1),(-2.094395102393,0.,2.094395102393,4.188790204786,
6.28318530718,8.377580409573),.UNSPECIFIED.) CURVE() 
GEOMETRIC_REPRESENTATION_ITEM() RATIONAL_B_SPLINE_CURVE((1.,0.5,1.,0.5,
1.,0.5,1.)) REPRESENTATION_ITEM('') );
#1392 = CARTESIAN_POINT('',(290.60293687576,383.4784323766));
#1393 = CARTESIAN_POINT('',(290.60293687576,383.32897382081));
#1394 = CARTESIAN_POINT('',(290.47350196963,383.4037030987));
#1395 = CARTESIAN_POINT('',(290.3440670635,383.4784323766));
#1396 = CARTESIAN_POINT('',(290.47350196963,383.55316165449));
#1397 = CARTESIAN_POINT('',(290.60293687576,383.62789093239));
#1398 = CARTESIAN_POINT('',(290.60293687576,383.4784323766));
#1399 = ( GEOMETRIC_REPRESENTATION_CONTEXT(2) 
PARAMETRIC_REPRESENTATION_CONTEXT() REPRESENTATION_CONTEXT('2D SPACE',''
  ) );
#1400 = FACE_BOUND('',#1401,.F.);
#1401 = EDGE_LOOP('',(#1402,#1437));
#1402 = ORIENTED_EDGE('',*,*,#1403,.T.);
#1403 = EDGE_CURVE('',#1404,#1406,#1408,.T.);
#1404 = VERTEX_POINT('',#1405);
#1405 = CARTESIAN_POINT('',(65.733908874608,-275.4067912371,
    533.6470557857));
#1406 = VERTEX_POINT('',#1407);
#1407 = CARTESIAN_POINT('',(65.733908874608,-275.4067912371,
    533.47447591086));
#1408 = SURFACE_CURVE('',#1409,(#1414,#1421),.PCURVE_S1.);
#1409 = CIRCLE('',#1410,8.628993741899E-02);
#1410 = AXIS2_PLACEMENT_3D('',#1411,#1412,#1413);
#1411 = CARTESIAN_POINT('',(65.733908874608,-275.4067912371,
    533.56076584828));
#1412 = DIRECTION('',(6.475400626674E-17,-1.,-6.585737027495E-19));
#1413 = DIRECTION('',(-0.,-6.585737027495E-19,1.));
#1414 = PCURVE('',#281,#1415);
#1415 = DEFINITIONAL_REPRESENTATION('',(#1416),#1420);
#1416 = CIRCLE('',#1417,8.6289937419E-02);
#1417 = AXIS2_PLACEMENT_2D('',#1418,#1419);
#1418 = CARTESIAN_POINT('',(-43.92199369694,-65.7339088746));
#1419 = DIRECTION('',(1.,0.));
#1420 = ( GEOMETRIC_REPRESENTATION_CONTEXT(2) 
PARAMETRIC_REPRESENTATION_CONTEXT() REPRESENTATION_CONTEXT('2D SPACE',''
  ) );
#1421 = PCURVE('',#1422,#1427);
#1422 = PLANE('',#1423);
#1423 = AXIS2_PLACEMENT_3D('',#1424,#1425,#1426);
#1424 = CARTESIAN_POINT('',(-305.9400000711,-275.406791,271.5427594741)
  );
#1425 = DIRECTION('',(-0.,1.,0.));
#1426 = DIRECTION('',(0.,0.,1.));
#1427 = DEFINITIONAL_REPRESENTATION('',(#1428),#1436);
#1428 = ( BOUNDED_CURVE() B_SPLINE_CURVE(2,(#1429,#1430,#1431,#1432,
#1433,#1434,#1435),.UNSPECIFIED.,.T.,.F.) B_SPLINE_CURVE_WITH_KNOTS((1,2
    ,2,2,2,1),(-2.094395102393,0.,2.094395102393,4.188790204786,
6.28318530718,8.377580409573),.UNSPECIFIED.) CURVE() 
GEOMETRIC_REPRESENTATION_ITEM() RATIONAL_B_SPLINE_CURVE((1.,0.5,1.,0.5,
1.,0.5,1.)) REPRESENTATION_ITEM('') );
#1429 = CARTESIAN_POINT('',(262.1042963116,371.67390894573));
#1430 = CARTESIAN_POINT('',(262.1042963116,371.52445038994));
#1431 = CARTESIAN_POINT('',(261.97486140547,371.59917966783));
#1432 = CARTESIAN_POINT('',(261.84542649934,371.67390894573));
#1433 = CARTESIAN_POINT('',(261.97486140547,371.74863822362));
#1434 = CARTESIAN_POINT('',(262.1042963116,371.82336750152));
#1435 = CARTESIAN_POINT('',(262.1042963116,371.67390894573));
#1436 = ( GEOMETRIC_REPRESENTATION_CONTEXT(2) 
PARAMETRIC_REPRESENTATION_CONTEXT() REPRESENTATION_CONTEXT('2D SPACE',''
  ) );
#1437 = ORIENTED_EDGE('',*,*,#1438,.T.);
#1438 = EDGE_CURVE('',#1406,#1404,#1439,.T.);
#1439 = SURFACE_CURVE('',#1440,(#1445,#1452),.PCURVE_S1.);
#1440 = CIRCLE('',#1441,8.628993741899E-02);
#1441 = AXIS2_PLACEMENT_3D('',#1442,#1443,#1444);
#1442 = CARTESIAN_POINT('',(65.733908874608,-275.4067912371,
    533.56076584828));
#1443 = DIRECTION('',(6.475400626674E-17,-1.,-6.585737027495E-19));
#1444 = DIRECTION('',(-0.,-6.585737027495E-19,1.));
#1445 = PCURVE('',#281,#1446);
#1446 = DEFINITIONAL_REPRESENTATION('',(#1447),#1451);
#1447 = CIRCLE('',#1448,8.6289937419E-02);
#1448 = AXIS2_PLACEMENT_2D('',#1449,#1450);
#1449 = CARTESIAN_POINT('',(-43.92199369694,-65.7339088746));
#1450 = DIRECTION('',(1.,0.));
#1451 = ( GEOMETRIC_REPRESENTATION_CONTEXT(2) 
PARAMETRIC_REPRESENTATION_CONTEXT() REPRESENTATION_CONTEXT('2D SPACE',''
  ) );
#1452 = PCURVE('',#1422,#1453);
#1453 = DEFINITIONAL_REPRESENTATION('',(#1454),#1462);
#1454 = ( BOUNDED_CURVE() B_SPLINE_CURVE(2,(#1455,#1456,#1457,#1458,
#1459,#1460,#1461),.UNSPECIFIED.,.T.,.F.) B_SPLINE_CURVE_WITH_KNOTS((1,2
    ,2,2,2,1),(-2.094395102393,0.,2.094395102393,4.188790204786,
6.28318530718,8.377580409573),.UNSPECIFIED.) CURVE() 
GEOMETRIC_REPRESENTATION_ITEM() RATIONAL_B_SPLINE_CURVE((1.,0.5,1.,0.5,
1.,0.5,1.)) REPRESENTATION_ITEM('') );
#1455 = CARTESIAN_POINT('',(262.1042963116,371.67390894573));
#1456 = CARTESIAN_POINT('',(262.1042963116,371.52445038994));
#1457 = CARTESIAN_POINT('',(261.97486140547,371.59917966783));
#1458 = CARTESIAN_POINT('',(261.84542649934,371.67390894573));
#1459 = CARTESIAN_POINT('',(261.97486140547,371.74863822362));
#1460 = CARTESIAN_POINT('',(262.1042963116,371.82336750152));
#1461 = CARTESIAN_POINT('',(262.1042963116,371.67390894573));
#1462 = ( GEOMETRIC_REPRESENTATION_CONTEXT(2) 
PARAMETRIC_REPRESENTATION_CONTEXT() REPRESENTATION_CONTEXT('2D SPACE',''
  ) );
#1463 = FACE_BOUND('',#1464,.F.);
#1464 = EDGE_LOOP('',(#1465,#1500));
#1465 = ORIENTED_EDGE('',*,*,#1466,.T.);
#1466 = EDGE_CURVE('',#1467,#1469,#1471,.T.);
#1467 = VERTEX_POINT('',#1468);
#1468 = CARTESIAN_POINT('',(43.921993696947,-275.4067912371,
    511.83514060804));
#1469 = VERTEX_POINT('',#1470);
#1470 = CARTESIAN_POINT('',(43.921993696947,-275.4067912371,
    511.6625607332));
#1471 = SURFACE_CURVE('',#1472,(#1477,#1484),.PCURVE_S1.);
#1472 = CIRCLE('',#1473,8.628993741899E-02);
#1473 = AXIS2_PLACEMENT_3D('',#1474,#1475,#1476);
#1474 = CARTESIAN_POINT('',(43.921993696947,-275.4067912371,
    511.74885067062));
#1475 = DIRECTION('',(6.475400626674E-17,-1.,-6.585737027495E-19));
#1476 = DIRECTION('',(-0.,-6.585737027495E-19,1.));
#1477 = PCURVE('',#281,#1478);
#1478 = DEFINITIONAL_REPRESENTATION('',(#1479),#1483);
#1479 = CIRCLE('',#1480,8.6289937419E-02);
#1480 = AXIS2_PLACEMENT_2D('',#1481,#1482);
#1481 = CARTESIAN_POINT('',(-65.7339088746,-43.92199369694));
#1482 = DIRECTION('',(1.,0.));
#1483 = ( GEOMETRIC_REPRESENTATION_CONTEXT(2) 
PARAMETRIC_REPRESENTATION_CONTEXT() REPRESENTATION_CONTEXT('2D SPACE',''
  ) );
#1484 = PCURVE('',#1485,#1490);
#1485 = PLANE('',#1486);
#1486 = AXIS2_PLACEMENT_3D('',#1487,#1488,#1489);
#1487 = CARTESIAN_POINT('',(-305.9400000711,-275.406791,271.5427594741)
  );
#1488 = DIRECTION('',(-0.,1.,0.));
#1489 = DIRECTION('',(0.,0.,1.));
#1490 = DEFINITIONAL_REPRESENTATION('',(#1491),#1499);
#1491 = ( BOUNDED_CURVE() B_SPLINE_CURVE(2,(#1492,#1493,#1494,#1495,
#1496,#1497,#1498),.UNSPECIFIED.,.T.,.F.) B_SPLINE_CURVE_WITH_KNOTS((1,2
    ,2,2,2,1),(-2.094395102393,0.,2.094395102393,4.188790204786,
6.28318530718,8.377580409573),.UNSPECIFIED.) CURVE() 
GEOMETRIC_REPRESENTATION_ITEM() RATIONAL_B_SPLINE_CURVE((1.,0.5,1.,0.5,
1.,0.5,1.)) REPRESENTATION_ITEM('') );
#1492 = CARTESIAN_POINT('',(240.29238113394,349.86199376807));
#1493 = CARTESIAN_POINT('',(240.29238113394,349.71253521228));
#1494 = CARTESIAN_POINT('',(240.16294622781,349.78726449017));
#1495 = CARTESIAN_POINT('',(240.03351132168,349.86199376807));
#1496 = CARTESIAN_POINT('',(240.16294622781,349.93672304596));
#1497 = CARTESIAN_POINT('',(240.29238113394,350.01145232386));
#1498 = CARTESIAN_POINT('',(240.29238113394,349.86199376807));
#1499 = ( GEOMETRIC_REPRESENTATION_CONTEXT(2) 
PARAMETRIC_REPRESENTATION_CONTEXT() REPRESENTATION_CONTEXT('2D SPACE',''
  ) );
#1500 = ORIENTED_EDGE('',*,*,#1501,.T.);
#1501 = EDGE_CURVE('',#1469,#1467,#1502,.T.);
#1502 = SURFACE_CURVE('',#1503,(#1508,#1515),.PCURVE_S1.);
#1503 = CIRCLE('',#1504,8.628993741899E-02);
#1504 = AXIS2_PLACEMENT_3D('',#1505,#1506,#1507);
#1505 = CARTESIAN_POINT('',(43.921993696947,-275.4067912371,
    511.74885067062));
#1506 = DIRECTION('',(6.475400626674E-17,-1.,-6.585737027495E-19));
#1507 = DIRECTION('',(-0.,-6.585737027495E-19,1.));
#1508 = PCURVE('',#281,#1509);
#1509 = DEFINITIONAL_REPRESENTATION('',(#1510),#1514);
#1510 = CIRCLE('',#1511,8.6289937419E-02);
#1511 = AXIS2_PLACEMENT_2D('',#1512,#1513);
#1512 = CARTESIAN_POINT('',(-65.7339088746,-43.92199369694));
#1513 = DIRECTION('',(1.,0.));
#1514 = ( GEOMETRIC_REPRESENTATION_CONTEXT(2) 
PARAMETRIC_REPRESENTATION_CONTEXT() REPRESENTATION_CONTEXT('2D SPACE',''
  ) );
#1515 = PCURVE('',#1485,#1516);
#1516 = DEFINITIONAL_REPRESENTATION('',(#1517),#1525);
#1517 = ( BOUNDED_CURVE() B_SPLINE_CURVE(2,(#1518,#1519,#1520,#1521,
#1522,#1523,#1524),.UNSPECIFIED.,.T.,.F.) B_SPLINE_CURVE_WITH_KNOTS((1,2
    ,2,2,2,1),(-2.094395102393,0.,2.094395102393,4.188790204786,
6.28318530718,8.377580409573),.UNSPECIFIED.) CURVE() 
GEOMETRIC_REPRESENTATION_ITEM() RATIONAL_B_SPLINE_CURVE((1.,0.5,1.,0.5,
1.,0.5,1.)) REPRESENTATION_ITEM('') );
#1518 = CARTESIAN_POINT('',(240.29238113394,349.86199376807));
#1519 = CARTESIAN_POINT('',(240.29238113394,349.71253521228));
#1520 = CARTESIAN_POINT('',(240.16294622781,349.78726449017));
#1521 = CARTESIAN_POINT('',(240.03351132168,349.86199376807));
#1522 = CARTESIAN_POINT('',(240.16294622781,349.93672304596));
#1523 = CARTESIAN_POINT('',(240.29238113394,350.01145232386));
#1524 = CARTESIAN_POINT('',(240.29238113394,349.86199376807));
#1525 = ( GEOMETRIC_REPRESENTATION_CONTEXT(2) 
PARAMETRIC_REPRESENTATION_CONTEXT() REPRESENTATION_CONTEXT('2D SPACE',''
  ) );
#1526 = FACE_BOUND('',#1527,.F.);
#1527 = EDGE_LOOP('',(#1528,#1563));
#1528 = ORIENTED_EDGE('',*,*,#1529,.T.);
#1529 = EDGE_CURVE('',#1530,#1532,#1534,.T.);
#1530 = VERTEX_POINT('',#1531);
#1531 = CARTESIAN_POINT('',(-15.42342619051,-275.4067912371,
    500.03089553505));
#1532 = VERTEX_POINT('',#1533);
#1533 = CARTESIAN_POINT('',(-15.42342619051,-275.4067912371,
    499.85831566021));
#1534 = SURFACE_CURVE('',#1535,(#1540,#1547),.PCURVE_S1.);
#1535 = CIRCLE('',#1536,8.628993741899E-02);
#1536 = AXIS2_PLACEMENT_3D('',#1537,#1538,#1539);
#1537 = CARTESIAN_POINT('',(-15.42342619051,-275.4067912371,
    499.94460559763));
#1538 = DIRECTION('',(6.475400626674E-17,-1.,-6.585737027495E-19));
#1539 = DIRECTION('',(-0.,-6.585737027495E-19,1.));
#1540 = PCURVE('',#281,#1541);
#1541 = DEFINITIONAL_REPRESENTATION('',(#1542),#1546);
#1542 = CIRCLE('',#1543,8.6289937419E-02);
#1543 = AXIS2_PLACEMENT_2D('',#1544,#1545);
#1544 = CARTESIAN_POINT('',(-77.53815394759,15.42342619051));
#1545 = DIRECTION('',(1.,0.));
#1546 = ( GEOMETRIC_REPRESENTATION_CONTEXT(2) 
PARAMETRIC_REPRESENTATION_CONTEXT() REPRESENTATION_CONTEXT('2D SPACE',''
  ) );
#1547 = PCURVE('',#1548,#1553);
#1548 = PLANE('',#1549);
#1549 = AXIS2_PLACEMENT_3D('',#1550,#1551,#1552);
#1550 = CARTESIAN_POINT('',(-305.9400000711,-275.406791,271.5427594741)
  );
#1551 = DIRECTION('',(-0.,1.,0.));
#1552 = DIRECTION('',(0.,0.,1.));
#1553 = DEFINITIONAL_REPRESENTATION('',(#1554),#1562);
#1554 = ( BOUNDED_CURVE() B_SPLINE_CURVE(2,(#1555,#1556,#1557,#1558,
#1559,#1560,#1561),.UNSPECIFIED.,.T.,.F.) B_SPLINE_CURVE_WITH_KNOTS((1,2
    ,2,2,2,1),(-2.094395102393,0.,2.094395102393,4.188790204786,
6.28318530718,8.377580409573),.UNSPECIFIED.) CURVE() 
GEOMETRIC_REPRESENTATION_ITEM() RATIONAL_B_SPLINE_CURVE((1.,0.5,1.,0.5,
1.,0.5,1.)) REPRESENTATION_ITEM('') );
#1555 = CARTESIAN_POINT('',(228.48813606095,290.51657388061));
#1556 = CARTESIAN_POINT('',(228.48813606095,290.36711532482));
#1557 = CARTESIAN_POINT('',(228.35870115482,290.44184460271));
#1558 = CARTESIAN_POINT('',(228.22926624869,290.51657388061));
#1559 = CARTESIAN_POINT('',(228.35870115482,290.59130315851));
#1560 = CARTESIAN_POINT('',(228.48813606095,290.6660324364));
#1561 = CARTESIAN_POINT('',(228.48813606095,290.51657388061));
#1562 = ( GEOMETRIC_REPRESENTATION_CONTEXT(2) 
PARAMETRIC_REPRESENTATION_CONTEXT() REPRESENTATION_CONTEXT('2D SPACE',''
  ) );
#1563 = ORIENTED_EDGE('',*,*,#1564,.T.);
#1564 = EDGE_CURVE('',#1532,#1530,#1565,.T.);
#1565 = SURFACE_CURVE('',#1566,(#1571,#1578),.PCURVE_S1.);
#1566 = CIRCLE('',#1567,8.628993741899E-02);
#1567 = AXIS2_PLACEMENT_3D('',#1568,#1569,#1570);
#1568 = CARTESIAN_POINT('',(-15.42342619051,-275.4067912371,
    499.94460559763));
#1569 = DIRECTION('',(6.475400626674E-17,-1.,-6.585737027495E-19));
#1570 = DIRECTION('',(-0.,-6.585737027495E-19,1.));
#1571 = PCURVE('',#281,#1572);
#1572 = DEFINITIONAL_REPRESENTATION('',(#1573),#1577);
#1573 = CIRCLE('',#1574,8.6289937419E-02);
#1574 = AXIS2_PLACEMENT_2D('',#1575,#1576);
#1575 = CARTESIAN_POINT('',(-77.53815394759,15.42342619051));
#1576 = DIRECTION('',(1.,0.));
#1577 = ( GEOMETRIC_REPRESENTATION_CONTEXT(2) 
PARAMETRIC_REPRESENTATION_CONTEXT() REPRESENTATION_CONTEXT('2D SPACE',''
  ) );
#1578 = PCURVE('',#1548,#1579);
#1579 = DEFINITIONAL_REPRESENTATION('',(#1580),#1588);
#1580 = ( BOUNDED_CURVE() B_SPLINE_CURVE(2,(#1581,#1582,#1583,#1584,
#1585,#1586,#1587),.UNSPECIFIED.,.T.,.F.) B_SPLINE_CURVE_WITH_KNOTS((1,2
    ,2,2,2,1),(-2.094395102393,0.,2.094395102393,4.188790204786,
6.28318530718,8.377580409573),.UNSPECIFIED.) CURVE() 
GEOMETRIC_REPRESENTATION_ITEM() RATIONAL_B_SPLINE_CURVE((1.,0.5,1.,0.5,
1.,0.5,1.)) REPRESENTATION_ITEM('') );
#1581 = CARTESIAN_POINT('',(228.48813606095,290.51657388061));
#1582 = CARTESIAN_POINT('',(228.48813606095,290.36711532482));
#1583 = CARTESIAN_POINT('',(228.35870115482,290.44184460271));
#1584 = CARTESIAN_POINT('',(228.22926624869,290.51657388061));
#1585 = CARTESIAN_POINT('',(228.35870115482,290.59130315851));
#1586 = CARTESIAN_POINT('',(228.48813606095,290.6660324364));
#1587 = CARTESIAN_POINT('',(228.48813606095,290.51657388061));
#1588 = ( GEOMETRIC_REPRESENTATION_CONTEXT(2) 
PARAMETRIC_REPRESENTATION_CONTEXT() REPRESENTATION_CONTEXT('2D SPACE',''
  ) );
#1589 = FACE_BOUND('',#1590,.F.);
#1590 = EDGE_LOOP('',(#1591,#1626));
#1591 = ORIENTED_EDGE('',*,*,#1592,.T.);
#1592 = EDGE_CURVE('',#1593,#1595,#1597,.T.);
#1593 = VERTEX_POINT('',#1594);
#1594 = CARTESIAN_POINT('',(-43.72167954359,-275.4067912371,
    511.83514060804));
#1595 = VERTEX_POINT('',#1596);
#1596 = CARTESIAN_POINT('',(-43.72167954359,-275.4067912371,
    511.6625607332));
#1597 = SURFACE_CURVE('',#1598,(#1603,#1610),.PCURVE_S1.);
#1598 = CIRCLE('',#1599,8.628993741899E-02);
#1599 = AXIS2_PLACEMENT_3D('',#1600,#1601,#1602);
#1600 = CARTESIAN_POINT('',(-43.72167954359,-275.4067912371,
    511.74885067062));
#1601 = DIRECTION('',(6.475400626674E-17,-1.,-6.585737027495E-19));
#1602 = DIRECTION('',(-0.,-6.585737027495E-19,1.));
#1603 = PCURVE('',#281,#1604);
#1604 = DEFINITIONAL_REPRESENTATION('',(#1605),#1609);
#1605 = CIRCLE('',#1606,8.6289937419E-02);
#1606 = AXIS2_PLACEMENT_2D('',#1607,#1608);
#1607 = CARTESIAN_POINT('',(-65.7339088746,43.721679543594));
#1608 = DIRECTION('',(1.,0.));
#1609 = ( GEOMETRIC_REPRESENTATION_CONTEXT(2) 
PARAMETRIC_REPRESENTATION_CONTEXT() REPRESENTATION_CONTEXT('2D SPACE',''
  ) );
#1610 = PCURVE('',#1611,#1616);
#1611 = PLANE('',#1612);
#1612 = AXIS2_PLACEMENT_3D('',#1613,#1614,#1615);
#1613 = CARTESIAN_POINT('',(-305.9400000711,-275.406791,271.5427594741)
  );
#1614 = DIRECTION('',(-0.,1.,0.));
#1615 = DIRECTION('',(0.,0.,1.));
#1616 = DEFINITIONAL_REPRESENTATION('',(#1617),#1625);
#1617 = ( BOUNDED_CURVE() B_SPLINE_CURVE(2,(#1618,#1619,#1620,#1621,
#1622,#1623,#1624),.UNSPECIFIED.,.T.,.F.) B_SPLINE_CURVE_WITH_KNOTS((1,2
    ,2,2,2,1),(-2.094395102393,0.,2.094395102393,4.188790204786,
6.28318530718,8.377580409573),.UNSPECIFIED.) CURVE() 
GEOMETRIC_REPRESENTATION_ITEM() RATIONAL_B_SPLINE_CURVE((1.,0.5,1.,0.5,
1.,0.5,1.)) REPRESENTATION_ITEM('') );
#1618 = CARTESIAN_POINT('',(240.29238113394,262.21832052753));
#1619 = CARTESIAN_POINT('',(240.29238113394,262.06886197174));
#1620 = CARTESIAN_POINT('',(240.16294622781,262.14359124963));
#1621 = CARTESIAN_POINT('',(240.03351132168,262.21832052753));
#1622 = CARTESIAN_POINT('',(240.16294622781,262.29304980542));
#1623 = CARTESIAN_POINT('',(240.29238113394,262.36777908332));
#1624 = CARTESIAN_POINT('',(240.29238113394,262.21832052753));
#1625 = ( GEOMETRIC_REPRESENTATION_CONTEXT(2) 
PARAMETRIC_REPRESENTATION_CONTEXT() REPRESENTATION_CONTEXT('2D SPACE',''
  ) );
#1626 = ORIENTED_EDGE('',*,*,#1627,.T.);
#1627 = EDGE_CURVE('',#1595,#1593,#1628,.T.);
#1628 = SURFACE_CURVE('',#1629,(#1634,#1641),.PCURVE_S1.);
#1629 = CIRCLE('',#1630,8.628993741899E-02);
#1630 = AXIS2_PLACEMENT_3D('',#1631,#1632,#1633);
#1631 = CARTESIAN_POINT('',(-43.72167954359,-275.4067912371,
    511.74885067062));
#1632 = DIRECTION('',(6.475400626674E-17,-1.,-6.585737027495E-19));
#1633 = DIRECTION('',(-0.,-6.585737027495E-19,1.));
#1634 = PCURVE('',#281,#1635);
#1635 = DEFINITIONAL_REPRESENTATION('',(#1636),#1640);
#1636 = CIRCLE('',#1637,8.6289937419E-02);
#1637 = AXIS2_PLACEMENT_2D('',#1638,#1639);
#1638 = CARTESIAN_POINT('',(-65.7339088746,43.721679543594));
#1639 = DIRECTION('',(1.,0.));
#1640 = ( GEOMETRIC_REPRESENTATION_CONTEXT(2) 
PARAMETRIC_REPRESENTATION_CONTEXT() REPRESENTATION_CONTEXT('2D SPACE',''
  ) );
#1641 = PCURVE('',#1611,#1642);
#1642 = DEFINITIONAL_REPRESENTATION('',(#1643),#1651);
#1643 = ( BOUNDED_CURVE() B_SPLINE_CURVE(2,(#1644,#1645,#1646,#1647,
#1648,#1649,#1650),.UNSPECIFIED.,.T.,.F.) B_SPLINE_CURVE_WITH_KNOTS((1,2
    ,2,2,2,1),(-2.094395102393,0.,2.094395102393,4.188790204786,
6.28318530718,8.377580409573),.UNSPECIFIED.) CURVE() 
GEOMETRIC_REPRESENTATION_ITEM() RATIONAL_B_SPLINE_CURVE((1.,0.5,1.,0.5,
1.,0.5,1.)) REPRESENTATION_ITEM('') );
#1644 = CARTESIAN_POINT('',(240.29238113394,262.21832052753));
#1645 = CARTESIAN_POINT('',(240.29238113394,262.06886197174));
#1646 = CARTESIAN_POINT('',(240.16294622781,262.14359124963));
#1647 = CARTESIAN_POINT('',(240.03351132168,262.21832052753));
#1648 = CARTESIAN_POINT('',(240.16294622781,262.29304980542));
#1649 = CARTESIAN_POINT('',(240.29238113394,262.36777908332));
#1650 = CARTESIAN_POINT('',(240.29238113394,262.21832052753));
#1651 = ( GEOMETRIC_REPRESENTATION_CONTEXT(2) 
PARAMETRIC_REPRESENTATION_CONTEXT() REPRESENTATION_CONTEXT('2D SPACE',''
  ) );
#1652 = FACE_BOUND('',#1653,.F.);
#1653 = EDGE_LOOP('',(#1654,#1689));
#1654 = ORIENTED_EDGE('',*,*,#1655,.T.);
#1655 = EDGE_CURVE('',#1656,#1658,#1660,.T.);
#1656 = VERTEX_POINT('',#1657);
#1657 = CARTESIAN_POINT('',(-65.7339088746,-275.4067912371,
    533.6470557857));
#1658 = VERTEX_POINT('',#1659);
#1659 = CARTESIAN_POINT('',(-65.7339088746,-275.4067912371,
    533.47447591086));
#1660 = SURFACE_CURVE('',#1661,(#1666,#1673),.PCURVE_S1.);
#1661 = CIRCLE('',#1662,8.628993741899E-02);
#1662 = AXIS2_PLACEMENT_3D('',#1663,#1664,#1665);
#1663 = CARTESIAN_POINT('',(-65.7339088746,-275.4067912371,
    533.56076584828));
#1664 = DIRECTION('',(6.475400626674E-17,-1.,-6.585737027495E-19));
#1665 = DIRECTION('',(-0.,-6.585737027495E-19,1.));
#1666 = PCURVE('',#281,#1667);
#1667 = DEFINITIONAL_REPRESENTATION('',(#1668),#1672);
#1668 = CIRCLE('',#1669,8.6289937419E-02);
#1669 = AXIS2_PLACEMENT_2D('',#1670,#1671);
#1670 = CARTESIAN_POINT('',(-43.92199369694,65.733908874609));
#1671 = DIRECTION('',(1.,0.));
#1672 = ( GEOMETRIC_REPRESENTATION_CONTEXT(2) 
PARAMETRIC_REPRESENTATION_CONTEXT() REPRESENTATION_CONTEXT('2D SPACE',''
  ) );
#1673 = PCURVE('',#1674,#1679);
#1674 = PLANE('',#1675);
#1675 = AXIS2_PLACEMENT_3D('',#1676,#1677,#1678);
#1676 = CARTESIAN_POINT('',(-305.9400000711,-275.406791,271.5427594741)
  );
#1677 = DIRECTION('',(-0.,1.,0.));
#1678 = DIRECTION('',(0.,0.,1.));
#1679 = DEFINITIONAL_REPRESENTATION('',(#1680),#1688);
#1680 = ( BOUNDED_CURVE() B_SPLINE_CURVE(2,(#1681,#1682,#1683,#1684,
#1685,#1686,#1687),.UNSPECIFIED.,.T.,.F.) B_SPLINE_CURVE_WITH_KNOTS((1,2
    ,2,2,2,1),(-2.094395102393,0.,2.094395102393,4.188790204786,
6.28318530718,8.377580409573),.UNSPECIFIED.) CURVE() 
GEOMETRIC_REPRESENTATION_ITEM() RATIONAL_B_SPLINE_CURVE((1.,0.5,1.,0.5,
1.,0.5,1.)) REPRESENTATION_ITEM('') );
#1681 = CARTESIAN_POINT('',(262.1042963116,240.20609119651));
#1682 = CARTESIAN_POINT('',(262.1042963116,240.05663264072));
#1683 = CARTESIAN_POINT('',(261.97486140547,240.13136191862));
#1684 = CARTESIAN_POINT('',(261.84542649934,240.20609119651));
#1685 = CARTESIAN_POINT('',(261.97486140547,240.28082047441));
#1686 = CARTESIAN_POINT('',(262.1042963116,240.3555497523));
#1687 = CARTESIAN_POINT('',(262.1042963116,240.20609119651));
#1688 = ( GEOMETRIC_REPRESENTATION_CONTEXT(2) 
PARAMETRIC_REPRESENTATION_CONTEXT() REPRESENTATION_CONTEXT('2D SPACE',''
  ) );
#1689 = ORIENTED_EDGE('',*,*,#1690,.T.);
#1690 = EDGE_CURVE('',#1658,#1656,#1691,.T.);
#1691 = SURFACE_CURVE('',#1692,(#1697,#1704),.PCURVE_S1.);
#1692 = CIRCLE('',#1693,8.628993741899E-02);
#1693 = AXIS2_PLACEMENT_3D('',#1694,#1695,#1696);
#1694 = CARTESIAN_POINT('',(-65.7339088746,-275.4067912371,
    533.56076584828));
#1695 = DIRECTION('',(6.475400626674E-17,-1.,-6.585737027495E-19));
#1696 = DIRECTION('',(-0.,-6.585737027495E-19,1.));
#1697 = PCURVE('',#281,#1698);
#1698 = DEFINITIONAL_REPRESENTATION('',(#1699),#1703);
#1699 = CIRCLE('',#1700,8.6289937419E-02);
#1700 = AXIS2_PLACEMENT_2D('',#1701,#1702);
#1701 = CARTESIAN_POINT('',(-43.92199369694,65.733908874609));
#1702 = DIRECTION('',(1.,0.));
#1703 = ( GEOMETRIC_REPRESENTATION_CONTEXT(2) 
PARAMETRIC_REPRESENTATION_CONTEXT() REPRESENTATION_CONTEXT('2D SPACE',''
  ) );
#1704 = PCURVE('',#1674,#1705);
#1705 = DEFINITIONAL_REPRESENTATION('',(#1706),#1714);
#1706 = ( BOUNDED_CURVE() B_SPLINE_CURVE(2,(#1707,#1708,#1709,#1710,
#1711,#1712,#1713),.UNSPECIFIED.,.T.,.F.) B_SPLINE_CURVE_WITH_KNOTS((1,2
    ,2,2,2,1),(-2.094395102393,0.,2.094395102393,4.188790204786,
6.28318530718,8.377580409573),.UNSPECIFIED.) CURVE() 
GEOMETRIC_REPRESENTATION_ITEM() RATIONAL_B_SPLINE_CURVE((1.,0.5,1.,0.5,
1.,0.5,1.)) REPRESENTATION_ITEM('') );
#1707 = CARTESIAN_POINT('',(262.1042963116,240.20609119651));
#1708 = CARTESIAN_POINT('',(262.1042963116,240.05663264072));
#1709 = CARTESIAN_POINT('',(261.97486140547,240.13136191862));
#1710 = CARTESIAN_POINT('',(261.84542649934,240.20609119651));
#1711 = CARTESIAN_POINT('',(261.97486140547,240.28082047441));
#1712 = CARTESIAN_POINT('',(262.1042963116,240.3555497523));
#1713 = CARTESIAN_POINT('',(262.1042963116,240.20609119651));
#1714 = ( GEOMETRIC_REPRESENTATION_CONTEXT(2) 
PARAMETRIC_REPRESENTATION_CONTEXT() REPRESENTATION_CONTEXT('2D SPACE',''
  ) );
#1715 = FACE_BOUND('',#1716,.F.);
#1716 = EDGE_LOOP('',(#1717,#1752));
#1717 = ORIENTED_EDGE('',*,*,#1718,.T.);
#1718 = EDGE_CURVE('',#1719,#1721,#1723,.T.);
#1719 = VERTEX_POINT('',#1720);
#1720 = CARTESIAN_POINT('',(65.733908874608,-275.4067912371,
    621.49104317959));
#1721 = VERTEX_POINT('',#1722);
#1722 = CARTESIAN_POINT('',(65.733908874608,-275.4067912371,
    621.31846330476));
#1723 = SURFACE_CURVE('',#1724,(#1729,#1736),.PCURVE_S1.);
#1724 = CIRCLE('',#1725,8.628993741899E-02);
#1725 = AXIS2_PLACEMENT_3D('',#1726,#1727,#1728);
#1726 = CARTESIAN_POINT('',(65.733908874608,-275.4067912371,
    621.40475324218));
#1727 = DIRECTION('',(6.475400626674E-17,-1.,-6.585737027495E-19));
#1728 = DIRECTION('',(-0.,-6.585737027495E-19,1.));
#1729 = PCURVE('',#281,#1730);
#1730 = DEFINITIONAL_REPRESENTATION('',(#1731),#1735);
#1731 = CIRCLE('',#1732,8.6289937419E-02);
#1732 = AXIS2_PLACEMENT_2D('',#1733,#1734);
#1733 = CARTESIAN_POINT('',(43.921993696954,-65.7339088746));
#1734 = DIRECTION('',(1.,0.));
#1735 = ( GEOMETRIC_REPRESENTATION_CONTEXT(2) 
PARAMETRIC_REPRESENTATION_CONTEXT() REPRESENTATION_CONTEXT('2D SPACE',''
  ) );
#1736 = PCURVE('',#1737,#1742);
#1737 = PLANE('',#1738);
#1738 = AXIS2_PLACEMENT_3D('',#1739,#1740,#1741);
#1739 = CARTESIAN_POINT('',(-305.9400000711,-275.406791,271.5427594741)
  );
#1740 = DIRECTION('',(-0.,1.,0.));
#1741 = DIRECTION('',(0.,0.,1.));
#1742 = DEFINITIONAL_REPRESENTATION('',(#1743),#1751);
#1743 = ( BOUNDED_CURVE() B_SPLINE_CURVE(2,(#1744,#1745,#1746,#1747,
#1748,#1749,#1750),.UNSPECIFIED.,.T.,.F.) B_SPLINE_CURVE_WITH_KNOTS((1,2
    ,2,2,2,1),(-2.094395102393,0.,2.094395102393,4.188790204786,
6.28318530718,8.377580409573),.UNSPECIFIED.) CURVE() 
GEOMETRIC_REPRESENTATION_ITEM() RATIONAL_B_SPLINE_CURVE((1.,0.5,1.,0.5,
1.,0.5,1.)) REPRESENTATION_ITEM('') );
#1744 = CARTESIAN_POINT('',(349.94828370549,371.67390894573));
#1745 = CARTESIAN_POINT('',(349.94828370549,371.52445038994));
#1746 = CARTESIAN_POINT('',(349.81884879937,371.59917966783));
#1747 = CARTESIAN_POINT('',(349.68941389324,371.67390894573));
#1748 = CARTESIAN_POINT('',(349.81884879937,371.74863822362));
#1749 = CARTESIAN_POINT('',(349.94828370549,371.82336750152));
#1750 = CARTESIAN_POINT('',(349.94828370549,371.67390894573));
#1751 = ( GEOMETRIC_REPRESENTATION_CONTEXT(2) 
PARAMETRIC_REPRESENTATION_CONTEXT() REPRESENTATION_CONTEXT('2D SPACE',''
  ) );
#1752 = ORIENTED_EDGE('',*,*,#1753,.T.);
#1753 = EDGE_CURVE('',#1721,#1719,#1754,.T.);
#1754 = SURFACE_CURVE('',#1755,(#1760,#1767),.PCURVE_S1.);
#1755 = CIRCLE('',#1756,8.628993741899E-02);
#1756 = AXIS2_PLACEMENT_3D('',#1757,#1758,#1759);
#1757 = CARTESIAN_POINT('',(65.733908874608,-275.4067912371,
    621.40475324218));
#1758 = DIRECTION('',(6.475400626674E-17,-1.,-6.585737027495E-19));
#1759 = DIRECTION('',(-0.,-6.585737027495E-19,1.));
#1760 = PCURVE('',#281,#1761);
#1761 = DEFINITIONAL_REPRESENTATION('',(#1762),#1766);
#1762 = CIRCLE('',#1763,8.6289937419E-02);
#1763 = AXIS2_PLACEMENT_2D('',#1764,#1765);
#1764 = CARTESIAN_POINT('',(43.921993696954,-65.7339088746));
#1765 = DIRECTION('',(1.,0.));
#1766 = ( GEOMETRIC_REPRESENTATION_CONTEXT(2) 
PARAMETRIC_REPRESENTATION_CONTEXT() REPRESENTATION_CONTEXT('2D SPACE',''
  ) );
#1767 = PCURVE('',#1737,#1768);
#1768 = DEFINITIONAL_REPRESENTATION('',(#1769),#1777);
#1769 = ( BOUNDED_CURVE() B_SPLINE_CURVE(2,(#1770,#1771,#1772,#1773,
#1774,#1775,#1776),.UNSPECIFIED.,.T.,.F.) B_SPLINE_CURVE_WITH_KNOTS((1,2
    ,2,2,2,1),(-2.094395102393,0.,2.094395102393,4.188790204786,
6.28318530718,8.377580409573),.UNSPECIFIED.) CURVE() 
GEOMETRIC_REPRESENTATION_ITEM() RATIONAL_B_SPLINE_CURVE((1.,0.5,1.,0.5,
1.,0.5,1.)) REPRESENTATION_ITEM('') );
#1770 = CARTESIAN_POINT('',(349.94828370549,371.67390894573));
#1771 = CARTESIAN_POINT('',(349.94828370549,371.52445038994));
#1772 = CARTESIAN_POINT('',(349.81884879937,371.59917966783));
#1773 = CARTESIAN_POINT('',(349.68941389324,371.67390894573));
#1774 = CARTESIAN_POINT('',(349.81884879937,371.74863822362));
#1775 = CARTESIAN_POINT('',(349.94828370549,371.82336750152));
#1776 = CARTESIAN_POINT('',(349.94828370549,371.67390894573));
#1777 = ( GEOMETRIC_REPRESENTATION_CONTEXT(2) 
PARAMETRIC_REPRESENTATION_CONTEXT() REPRESENTATION_CONTEXT('2D SPACE',''
  ) );
#1778 = FACE_BOUND('',#1779,.F.);
#1779 = EDGE_LOOP('',(#1780,#1815));
#1780 = ORIENTED_EDGE('',*,*,#1781,.T.);
#1781 = EDGE_CURVE('',#1782,#1784,#1786,.T.);
#1782 = VERTEX_POINT('',#1783);
#1783 = CARTESIAN_POINT('',(18.304617420441,-275.4067912371,
    655.36771425396));
#1784 = VERTEX_POINT('',#1785);
#1785 = CARTESIAN_POINT('',(18.304617420441,-275.4067912371,
    655.19513437913));
#1786 = SURFACE_CURVE('',#1787,(#1792,#1799),.PCURVE_S1.);
#1787 = CIRCLE('',#1788,8.628993741899E-02);
#1788 = AXIS2_PLACEMENT_3D('',#1789,#1790,#1791);
#1789 = CARTESIAN_POINT('',(18.304617420441,-275.4067912371,
    655.28142431654));
#1790 = DIRECTION('',(6.475400626674E-17,-1.,-6.585737027495E-19));
#1791 = DIRECTION('',(-0.,-6.585737027495E-19,1.));
#1792 = PCURVE('',#281,#1793);
#1793 = DEFINITIONAL_REPRESENTATION('',(#1794),#1798);
#1794 = CIRCLE('',#1795,8.6289937419E-02);
#1795 = AXIS2_PLACEMENT_2D('',#1796,#1797);
#1796 = CARTESIAN_POINT('',(77.798664771324,-18.30461742044));
#1797 = DIRECTION('',(1.,0.));
#1798 = ( GEOMETRIC_REPRESENTATION_CONTEXT(2) 
PARAMETRIC_REPRESENTATION_CONTEXT() REPRESENTATION_CONTEXT('2D SPACE',''
  ) );
#1799 = PCURVE('',#1800,#1805);
#1800 = PLANE('',#1801);
#1801 = AXIS2_PLACEMENT_3D('',#1802,#1803,#1804);
#1802 = CARTESIAN_POINT('',(-305.9400000711,-275.406791,271.5427594741)
  );
#1803 = DIRECTION('',(-0.,1.,0.));
#1804 = DIRECTION('',(0.,0.,1.));
#1805 = DEFINITIONAL_REPRESENTATION('',(#1806),#1814);
#1806 = ( BOUNDED_CURVE() B_SPLINE_CURVE(2,(#1807,#1808,#1809,#1810,
#1811,#1812,#1813),.UNSPECIFIED.,.T.,.F.) B_SPLINE_CURVE_WITH_KNOTS((1,2
    ,2,2,2,1),(-2.094395102393,0.,2.094395102393,4.188790204786,
6.28318530718,8.377580409573),.UNSPECIFIED.) CURVE() 
GEOMETRIC_REPRESENTATION_ITEM() RATIONAL_B_SPLINE_CURVE((1.,0.5,1.,0.5,
1.,0.5,1.)) REPRESENTATION_ITEM('') );
#1807 = CARTESIAN_POINT('',(383.82495477986,324.24461749156));
#1808 = CARTESIAN_POINT('',(383.82495477986,324.09515893577));
#1809 = CARTESIAN_POINT('',(383.69551987374,324.16988821367));
#1810 = CARTESIAN_POINT('',(383.56608496761,324.24461749156));
#1811 = CARTESIAN_POINT('',(383.69551987374,324.31934676946));
#1812 = CARTESIAN_POINT('',(383.82495477986,324.39407604735));
#1813 = CARTESIAN_POINT('',(383.82495477986,324.24461749156));
#1814 = ( GEOMETRIC_REPRESENTATION_CONTEXT(2) 
PARAMETRIC_REPRESENTATION_CONTEXT() REPRESENTATION_CONTEXT('2D SPACE',''
  ) );
#1815 = ORIENTED_EDGE('',*,*,#1816,.T.);
#1816 = EDGE_CURVE('',#1784,#1782,#1817,.T.);
#1817 = SURFACE_CURVE('',#1818,(#1823,#1830),.PCURVE_S1.);
#1818 = CIRCLE('',#1819,8.628993741899E-02);
#1819 = AXIS2_PLACEMENT_3D('',#1820,#1821,#1822);
#1820 = CARTESIAN_POINT('',(18.304617420441,-275.4067912371,
    655.28142431654));
#1821 = DIRECTION('',(6.475400626674E-17,-1.,-6.585737027495E-19));
#1822 = DIRECTION('',(-0.,-6.585737027495E-19,1.));
#1823 = PCURVE('',#281,#1824);
#1824 = DEFINITIONAL_REPRESENTATION('',(#1825),#1829);
#1825 = CIRCLE('',#1826,8.6289937419E-02);
#1826 = AXIS2_PLACEMENT_2D('',#1827,#1828);
#1827 = CARTESIAN_POINT('',(77.798664771324,-18.30461742044));
#1828 = DIRECTION('',(1.,0.));
#1829 = ( GEOMETRIC_REPRESENTATION_CONTEXT(2) 
PARAMETRIC_REPRESENTATION_CONTEXT() REPRESENTATION_CONTEXT('2D SPACE',''
  ) );
#1830 = PCURVE('',#1800,#1831);
#1831 = DEFINITIONAL_REPRESENTATION('',(#1832),#1840);
#1832 = ( BOUNDED_CURVE() B_SPLINE_CURVE(2,(#1833,#1834,#1835,#1836,
#1837,#1838,#1839),.UNSPECIFIED.,.T.,.F.) B_SPLINE_CURVE_WITH_KNOTS((1,2
    ,2,2,2,1),(-2.094395102393,0.,2.094395102393,4.188790204786,
6.28318530718,8.377580409573),.UNSPECIFIED.) CURVE() 
GEOMETRIC_REPRESENTATION_ITEM() RATIONAL_B_SPLINE_CURVE((1.,0.5,1.,0.5,
1.,0.5,1.)) REPRESENTATION_ITEM('') );
#1833 = CARTESIAN_POINT('',(383.82495477986,324.24461749156));
#1834 = CARTESIAN_POINT('',(383.82495477986,324.09515893577));
#1835 = CARTESIAN_POINT('',(383.69551987374,324.16988821367));
#1836 = CARTESIAN_POINT('',(383.56608496761,324.24461749156));
#1837 = CARTESIAN_POINT('',(383.69551987374,324.31934676946));
#1838 = CARTESIAN_POINT('',(383.82495477986,324.39407604735));
#1839 = CARTESIAN_POINT('',(383.82495477986,324.24461749156));
#1840 = ( GEOMETRIC_REPRESENTATION_CONTEXT(2) 
PARAMETRIC_REPRESENTATION_CONTEXT() REPRESENTATION_CONTEXT('2D SPACE',''
  ) );
#1841 = FACE_BOUND('',#1842,.F.);
#1842 = EDGE_LOOP('',(#1843,#1878));
#1843 = ORIENTED_EDGE('',*,*,#1844,.T.);
#1844 = EDGE_CURVE('',#1845,#1847,#1849,.T.);
#1845 = VERTEX_POINT('',#1846);
#1846 = CARTESIAN_POINT('',(-65.7339088746,-275.4067912371,
    621.49104317959));
#1847 = VERTEX_POINT('',#1848);
#1848 = CARTESIAN_POINT('',(-65.7339088746,-275.4067912371,
    621.31846330476));
#1849 = SURFACE_CURVE('',#1850,(#1855,#1862),.PCURVE_S1.);
#1850 = CIRCLE('',#1851,8.628993741899E-02);
#1851 = AXIS2_PLACEMENT_3D('',#1852,#1853,#1854);
#1852 = CARTESIAN_POINT('',(-65.7339088746,-275.4067912371,
    621.40475324218));
#1853 = DIRECTION('',(6.475400626674E-17,-1.,-6.585737027495E-19));
#1854 = DIRECTION('',(-0.,-6.585737027495E-19,1.));
#1855 = PCURVE('',#281,#1856);
#1856 = DEFINITIONAL_REPRESENTATION('',(#1857),#1861);
#1857 = CIRCLE('',#1858,8.6289937419E-02);
#1858 = AXIS2_PLACEMENT_2D('',#1859,#1860);
#1859 = CARTESIAN_POINT('',(43.921993696954,65.733908874609));
#1860 = DIRECTION('',(1.,0.));
#1861 = ( GEOMETRIC_REPRESENTATION_CONTEXT(2) 
PARAMETRIC_REPRESENTATION_CONTEXT() REPRESENTATION_CONTEXT('2D SPACE',''
  ) );
#1862 = PCURVE('',#1863,#1868);
#1863 = PLANE('',#1864);
#1864 = AXIS2_PLACEMENT_3D('',#1865,#1866,#1867);
#1865 = CARTESIAN_POINT('',(-305.9400000711,-275.406791,271.5427594741)
  );
#1866 = DIRECTION('',(-0.,1.,0.));
#1867 = DIRECTION('',(0.,0.,1.));
#1868 = DEFINITIONAL_REPRESENTATION('',(#1869),#1877);
#1869 = ( BOUNDED_CURVE() B_SPLINE_CURVE(2,(#1870,#1871,#1872,#1873,
#1874,#1875,#1876),.UNSPECIFIED.,.T.,.F.) B_SPLINE_CURVE_WITH_KNOTS((1,2
    ,2,2,2,1),(-2.094395102393,0.,2.094395102393,4.188790204786,
6.28318530718,8.377580409573),.UNSPECIFIED.) CURVE() 
GEOMETRIC_REPRESENTATION_ITEM() RATIONAL_B_SPLINE_CURVE((1.,0.5,1.,0.5,
1.,0.5,1.)) REPRESENTATION_ITEM('') );
#1870 = CARTESIAN_POINT('',(349.94828370549,240.20609119651));
#1871 = CARTESIAN_POINT('',(349.94828370549,240.05663264072));
#1872 = CARTESIAN_POINT('',(349.81884879937,240.13136191862));
#1873 = CARTESIAN_POINT('',(349.68941389324,240.20609119651));
#1874 = CARTESIAN_POINT('',(349.81884879937,240.28082047441));
#1875 = CARTESIAN_POINT('',(349.94828370549,240.3555497523));
#1876 = CARTESIAN_POINT('',(349.94828370549,240.20609119651));
#1877 = ( GEOMETRIC_REPRESENTATION_CONTEXT(2) 
PARAMETRIC_REPRESENTATION_CONTEXT() REPRESENTATION_CONTEXT('2D SPACE',''
  ) );
#1878 = ORIENTED_EDGE('',*,*,#1879,.T.);
#1879 = EDGE_CURVE('',#1847,#1845,#1880,.T.);
#1880 = SURFACE_CURVE('',#1881,(#1886,#1893),.PCURVE_S1.);
#1881 = CIRCLE('',#1882,8.628993741899E-02);
#1882 = AXIS2_PLACEMENT_3D('',#1883,#1884,#1885);
#1883 = CARTESIAN_POINT('',(-65.7339088746,-275.4067912371,
    621.40475324218));
#1884 = DIRECTION('',(6.475400626674E-17,-1.,-6.585737027495E-19));
#1885 = DIRECTION('',(-0.,-6.585737027495E-19,1.));
#1886 = PCURVE('',#281,#1887);
#1887 = DEFINITIONAL_REPRESENTATION('',(#1888),#1892);
#1888 = CIRCLE('',#1889,8.6289937419E-02);
#1889 = AXIS2_PLACEMENT_2D('',#1890,#1891);
#1890 = CARTESIAN_POINT('',(43.921993696954,65.733908874609));
#1891 = DIRECTION('',(1.,0.));
#1892 = ( GEOMETRIC_REPRESENTATION_CONTEXT(2) 
PARAMETRIC_REPRESENTATION_CONTEXT() REPRESENTATION_CONTEXT('2D SPACE',''
  ) );
#1893 = PCURVE('',#1863,#1894);
#1894 = DEFINITIONAL_REPRESENTATION('',(#1895),#1903);
#1895 = ( BOUNDED_CURVE() B_SPLINE_CURVE(2,(#1896,#1897,#1898,#1899,
#1900,#1901,#1902),.UNSPECIFIED.,.T.,.F.) B_SPLINE_CURVE_WITH_KNOTS((1,2
    ,2,2,2,1),(-2.094395102393,0.,2.094395102393,4.188790204786,
6.28318530718,8.377580409573),.UNSPECIFIED.) CURVE() 
GEOMETRIC_REPRESENTATION_ITEM() RATIONAL_B_SPLINE_CURVE((1.,0.5,1.,0.5,
1.,0.5,1.)) REPRESENTATION_ITEM('') );
#1896 = CARTESIAN_POINT('',(349.94828370549,240.20609119651));
#1897 = CARTESIAN_POINT('',(349.94828370549,240.05663264072));
#1898 = CARTESIAN_POINT('',(349.81884879937,240.13136191862));
#1899 = CARTESIAN_POINT('',(349.68941389324,240.20609119651));
#1900 = CARTESIAN_POINT('',(349.81884879937,240.28082047441));
#1901 = CARTESIAN_POINT('',(349.94828370549,240.3555497523));
#1902 = CARTESIAN_POINT('',(349.94828370549,240.20609119651));
#1903 = ( GEOMETRIC_REPRESENTATION_CONTEXT(2) 
PARAMETRIC_REPRESENTATION_CONTEXT() REPRESENTATION_CONTEXT('2D SPACE',''
  ) );
#1904 = FACE_BOUND('',#1905,.F.);
#1905 = EDGE_LOOP('',(#1906,#1941));
#1906 = ORIENTED_EDGE('',*,*,#1907,.T.);
#1907 = EDGE_CURVE('',#1908,#1910,#1912,.T.);
#1908 = VERTEX_POINT('',#1909);
#1909 = CARTESIAN_POINT('',(-77.53843230547,-275.4067912371,
    592.99240261544));
#1910 = VERTEX_POINT('',#1911);
#1911 = CARTESIAN_POINT('',(-77.53843230547,-275.4067912371,
    592.8198227406));
#1912 = SURFACE_CURVE('',#1913,(#1918,#1925),.PCURVE_S1.);
#1913 = CIRCLE('',#1914,8.628993741899E-02);
#1914 = AXIS2_PLACEMENT_3D('',#1915,#1916,#1917);
#1915 = CARTESIAN_POINT('',(-77.53843230547,-275.4067912371,
    592.90611267802));
#1916 = DIRECTION('',(6.475400626674E-17,-1.,-6.585737027495E-19));
#1917 = DIRECTION('',(-0.,-6.585737027495E-19,1.));
#1918 = PCURVE('',#281,#1919);
#1919 = DEFINITIONAL_REPRESENTATION('',(#1920),#1924);
#1920 = CIRCLE('',#1921,8.6289937419E-02);
#1921 = AXIS2_PLACEMENT_2D('',#1922,#1923);
#1922 = CARTESIAN_POINT('',(15.423353132797,77.538432305479));
#1923 = DIRECTION('',(1.,0.));
#1924 = ( GEOMETRIC_REPRESENTATION_CONTEXT(2) 
PARAMETRIC_REPRESENTATION_CONTEXT() REPRESENTATION_CONTEXT('2D SPACE',''
  ) );
#1925 = PCURVE('',#1926,#1931);
#1926 = PLANE('',#1927);
#1927 = AXIS2_PLACEMENT_3D('',#1928,#1929,#1930);
#1928 = CARTESIAN_POINT('',(-305.9400000711,-275.406791,271.5427594741)
  );
#1929 = DIRECTION('',(-0.,1.,0.));
#1930 = DIRECTION('',(0.,0.,1.));
#1931 = DEFINITIONAL_REPRESENTATION('',(#1932),#1940);
#1932 = ( BOUNDED_CURVE() B_SPLINE_CURVE(2,(#1933,#1934,#1935,#1936,
#1937,#1938,#1939),.UNSPECIFIED.,.T.,.F.) B_SPLINE_CURVE_WITH_KNOTS((1,2
    ,2,2,2,1),(-2.094395102393,0.,2.094395102393,4.188790204786,
6.28318530718,8.377580409573),.UNSPECIFIED.) CURVE() 
GEOMETRIC_REPRESENTATION_ITEM() RATIONAL_B_SPLINE_CURVE((1.,0.5,1.,0.5,
1.,0.5,1.)) REPRESENTATION_ITEM('') );
#1933 = CARTESIAN_POINT('',(321.44964314134,228.40156776564));
#1934 = CARTESIAN_POINT('',(321.44964314134,228.25210920985));
#1935 = CARTESIAN_POINT('',(321.32020823521,228.32683848775));
#1936 = CARTESIAN_POINT('',(321.19077332908,228.40156776564));
#1937 = CARTESIAN_POINT('',(321.32020823521,228.47629704354));
#1938 = CARTESIAN_POINT('',(321.44964314134,228.55102632143));
#1939 = CARTESIAN_POINT('',(321.44964314134,228.40156776564));
#1940 = ( GEOMETRIC_REPRESENTATION_CONTEXT(2) 
PARAMETRIC_REPRESENTATION_CONTEXT() REPRESENTATION_CONTEXT('2D SPACE',''
  ) );
#1941 = ORIENTED_EDGE('',*,*,#1942,.T.);
#1942 = EDGE_CURVE('',#1910,#1908,#1943,.T.);
#1943 = SURFACE_CURVE('',#1944,(#1949,#1956),.PCURVE_S1.);
#1944 = CIRCLE('',#1945,8.628993741899E-02);
#1945 = AXIS2_PLACEMENT_3D('',#1946,#1947,#1948);
#1946 = CARTESIAN_POINT('',(-77.53843230547,-275.4067912371,
    592.90611267802));
#1947 = DIRECTION('',(6.475400626674E-17,-1.,-6.585737027495E-19));
#1948 = DIRECTION('',(-0.,-6.585737027495E-19,1.));
#1949 = PCURVE('',#281,#1950);
#1950 = DEFINITIONAL_REPRESENTATION('',(#1951),#1955);
#1951 = CIRCLE('',#1952,8.6289937419E-02);
#1952 = AXIS2_PLACEMENT_2D('',#1953,#1954);
#1953 = CARTESIAN_POINT('',(15.423353132797,77.538432305479));
#1954 = DIRECTION('',(1.,0.));
#1955 = ( GEOMETRIC_REPRESENTATION_CONTEXT(2) 
PARAMETRIC_REPRESENTATION_CONTEXT() REPRESENTATION_CONTEXT('2D SPACE',''
  ) );
#1956 = PCURVE('',#1926,#1957);
#1957 = DEFINITIONAL_REPRESENTATION('',(#1958),#1966);
#1958 = ( BOUNDED_CURVE() B_SPLINE_CURVE(2,(#1959,#1960,#1961,#1962,
#1963,#1964,#1965),.UNSPECIFIED.,.T.,.F.) B_SPLINE_CURVE_WITH_KNOTS((1,2
    ,2,2,2,1),(-2.094395102393,0.,2.094395102393,4.188790204786,
6.28318530718,8.377580409573),.UNSPECIFIED.) CURVE() 
GEOMETRIC_REPRESENTATION_ITEM() RATIONAL_B_SPLINE_CURVE((1.,0.5,1.,0.5,
1.,0.5,1.)) REPRESENTATION_ITEM('') );
#1959 = CARTESIAN_POINT('',(321.44964314134,228.40156776564));
#1960 = CARTESIAN_POINT('',(321.44964314134,228.25210920985));
#1961 = CARTESIAN_POINT('',(321.32020823521,228.32683848775));
#1962 = CARTESIAN_POINT('',(321.19077332908,228.40156776564));
#1963 = CARTESIAN_POINT('',(321.32020823521,228.47629704354));
#1964 = CARTESIAN_POINT('',(321.44964314134,228.55102632143));
#1965 = CARTESIAN_POINT('',(321.44964314134,228.40156776564));
#1966 = ( GEOMETRIC_REPRESENTATION_CONTEXT(2) 
PARAMETRIC_REPRESENTATION_CONTEXT() REPRESENTATION_CONTEXT('2D SPACE',''
  ) );
#1967 = FACE_BOUND('',#1968,.F.);
#1968 = EDGE_LOOP('',(#1969,#2004));
#1969 = ORIENTED_EDGE('',*,*,#1970,.F.);
#1970 = EDGE_CURVE('',#1971,#1973,#1975,.T.);
#1971 = VERTEX_POINT('',#1972);
#1972 = CARTESIAN_POINT('',(1.988623429642E-14,-275.4067912371,
    637.80775954522));
#1973 = VERTEX_POINT('',#1974);
#1974 = CARTESIAN_POINT('',(1.249855248057E-14,-275.4067912371,
    517.15775954522));
#1975 = SURFACE_CURVE('',#1976,(#1981,#1992),.PCURVE_S1.);
#1976 = CIRCLE('',#1977,60.325);
#1977 = AXIS2_PLACEMENT_3D('',#1978,#1979,#1980);
#1978 = CARTESIAN_POINT('',(1.988623429642E-14,-275.4067912371,
    577.48275954522));
#1979 = DIRECTION('',(-6.475400626674E-17,1.,6.585737027495E-19));
#1980 = DIRECTION('',(-0.,-6.585737027495E-19,1.));
#1981 = PCURVE('',#281,#1982);
#1982 = DEFINITIONAL_REPRESENTATION('',(#1983),#1991);
#1983 = ( BOUNDED_CURVE() B_SPLINE_CURVE(2,(#1984,#1985,#1986,#1987,
#1988,#1989,#1990),.UNSPECIFIED.,.T.,.F.) B_SPLINE_CURVE_WITH_KNOTS((1,2
    ,2,2,2,1),(-2.094395102393,0.,2.094395102393,4.188790204786,
6.28318530718,8.377580409573),.UNSPECIFIED.) CURVE() 
GEOMETRIC_REPRESENTATION_ITEM() RATIONAL_B_SPLINE_CURVE((1.,0.5,1.,0.5,
1.,0.5,1.)) REPRESENTATION_ITEM('') );
#1984 = CARTESIAN_POINT('',(60.325,0.));
#1985 = CARTESIAN_POINT('',(60.325,-104.4859649665));
#1986 = CARTESIAN_POINT('',(-30.1625,-52.24298248329));
#1987 = CARTESIAN_POINT('',(-120.65,-1.477536363171E-14));
#1988 = CARTESIAN_POINT('',(-30.1625,52.242982483296));
#1989 = CARTESIAN_POINT('',(60.325,104.48596496659));
#1990 = CARTESIAN_POINT('',(60.325,0.));
#1991 = ( GEOMETRIC_REPRESENTATION_CONTEXT(2) 
PARAMETRIC_REPRESENTATION_CONTEXT() REPRESENTATION_CONTEXT('2D SPACE',''
  ) );
#1992 = PCURVE('',#1993,#1998);
#1993 = PLANE('',#1994);
#1994 = AXIS2_PLACEMENT_3D('',#1995,#1996,#1997);
#1995 = CARTESIAN_POINT('',(-305.9400000711,-275.406791,271.5427594741)
  );
#1996 = DIRECTION('',(-0.,1.,0.));
#1997 = DIRECTION('',(0.,0.,1.));
#1998 = DEFINITIONAL_REPRESENTATION('',(#1999),#2003);
#1999 = CIRCLE('',#2000,60.325);
#2000 = AXIS2_PLACEMENT_2D('',#2001,#2002);
#2001 = CARTESIAN_POINT('',(305.94000007112,305.94000007112));
#2002 = DIRECTION('',(1.,0.));
#2003 = ( GEOMETRIC_REPRESENTATION_CONTEXT(2) 
PARAMETRIC_REPRESENTATION_CONTEXT() REPRESENTATION_CONTEXT('2D SPACE',''
  ) );
#2004 = ORIENTED_EDGE('',*,*,#2005,.F.);
#2005 = EDGE_CURVE('',#1973,#1971,#2006,.T.);
#2006 = SURFACE_CURVE('',#2007,(#2012,#2023),.PCURVE_S1.);
#2007 = CIRCLE('',#2008,60.325);
#2008 = AXIS2_PLACEMENT_3D('',#2009,#2010,#2011);
#2009 = CARTESIAN_POINT('',(1.988623429642E-14,-275.4067912371,
    577.48275954522));
#2010 = DIRECTION('',(-6.475400626674E-17,1.,6.585737027495E-19));
#2011 = DIRECTION('',(-0.,-6.585737027495E-19,1.));
#2012 = PCURVE('',#281,#2013);
#2013 = DEFINITIONAL_REPRESENTATION('',(#2014),#2022);
#2014 = ( BOUNDED_CURVE() B_SPLINE_CURVE(2,(#2015,#2016,#2017,#2018,
#2019,#2020,#2021),.UNSPECIFIED.,.T.,.F.) B_SPLINE_CURVE_WITH_KNOTS((1,2
    ,2,2,2,1),(-2.094395102393,0.,2.094395102393,4.188790204786,
6.28318530718,8.377580409573),.UNSPECIFIED.) CURVE() 
GEOMETRIC_REPRESENTATION_ITEM() RATIONAL_B_SPLINE_CURVE((1.,0.5,1.,0.5,
1.,0.5,1.)) REPRESENTATION_ITEM('') );
#2015 = CARTESIAN_POINT('',(60.325,0.));
#2016 = CARTESIAN_POINT('',(60.325,-104.4859649665));
#2017 = CARTESIAN_POINT('',(-30.1625,-52.24298248329));
#2018 = CARTESIAN_POINT('',(-120.65,-1.477536363171E-14));
#2019 = CARTESIAN_POINT('',(-30.1625,52.242982483296));
#2020 = CARTESIAN_POINT('',(60.325,104.48596496659));
#2021 = CARTESIAN_POINT('',(60.325,0.));
#2022 = ( GEOMETRIC_REPRESENTATION_CONTEXT(2) 
PARAMETRIC_REPRESENTATION_CONTEXT() REPRESENTATION_CONTEXT('2D SPACE',''
  ) );
#2023 = PCURVE('',#1993,#2024);
#2024 = DEFINITIONAL_REPRESENTATION('',(#2025),#2029);
#2025 = CIRCLE('',#2026,60.325);
#2026 = AXIS2_PLACEMENT_2D('',#2027,#2028);
#2027 = CARTESIAN_POINT('',(305.94000007112,305.94000007112));
#2028 = DIRECTION('',(1.,0.));
#2029 = ( GEOMETRIC_REPRESENTATION_CONTEXT(2) 
PARAMETRIC_REPRESENTATION_CONTEXT() REPRESENTATION_CONTEXT('2D SPACE',''
  ) );
#2030 = FACE_BOUND('',#2031,.F.);
#2031 = EDGE_LOOP('',(#2032,#2033));
#2032 = ORIENTED_EDGE('',*,*,#293,.F.);
#2033 = ORIENTED_EDGE('',*,*,#258,.F.);
#2034 = ADVANCED_FACE('',(#2035),#363,.F.);
#2035 = FACE_BOUND('',#2036,.F.);
#2036 = EDGE_LOOP('',(#2037,#2061,#2090,#2112));
#2037 = ORIENTED_EDGE('',*,*,#2038,.F.);
#2038 = EDGE_CURVE('',#2039,#323,#2041,.T.);
#2039 = VERTEX_POINT('',#2040);
#2040 = CARTESIAN_POINT('',(-3.125109979816E-14,-14.61,297.8127594741));
#2041 = SURFACE_CURVE('',#2042,(#2047,#2054),.PCURVE_S1.);
#2042 = CIRCLE('',#2043,281.25300038107);
#2043 = AXIS2_PLACEMENT_3D('',#2044,#2045,#2046);
#2044 = CARTESIAN_POINT('',(3.192458868569E-15,-14.61,579.06575985517));
#2045 = DIRECTION('',(-1.,-6.475400626674E-17,1.224646799147E-16));
#2046 = DIRECTION('',(1.224646799147E-16,-6.585737027495E-19,1.));
#2047 = PCURVE('',#363,#2048);
#2048 = DEFINITIONAL_REPRESENTATION('',(#2049),#2053);
#2049 = LINE('',#2050,#2051);
#2050 = CARTESIAN_POINT('',(6.28318530718,6.28318530718));
#2051 = VECTOR('',#2052,1.);
#2052 = DIRECTION('',(0.,-1.));
#2053 = ( GEOMETRIC_REPRESENTATION_CONTEXT(2) 
PARAMETRIC_REPRESENTATION_CONTEXT() REPRESENTATION_CONTEXT('2D SPACE',''
  ) );
#2054 = PCURVE('',#428,#2055);
#2055 = DEFINITIONAL_REPRESENTATION('',(#2056),#2060);
#2056 = LINE('',#2057,#2058);
#2057 = CARTESIAN_POINT('',(0.,6.28318530718));
#2058 = VECTOR('',#2059,1.);
#2059 = DIRECTION('',(0.,-1.));
#2060 = ( GEOMETRIC_REPRESENTATION_CONTEXT(2) 
PARAMETRIC_REPRESENTATION_CONTEXT() REPRESENTATION_CONTEXT('2D SPACE',''
  ) );
#2061 = ORIENTED_EDGE('',*,*,#2062,.F.);
#2062 = EDGE_CURVE('',#2063,#2039,#2065,.T.);
#2063 = VERTEX_POINT('',#2064);
#2064 = CARTESIAN_POINT('',(2.998597242306E-15,-14.61,857.15275961635));
#2065 = SURFACE_CURVE('',#2066,(#2071,#2078),.PCURVE_S1.);
#2066 = CIRCLE('',#2067,279.67000007112);
#2067 = AXIS2_PLACEMENT_3D('',#2068,#2069,#2070);
#2068 = CARTESIAN_POINT('',(2.998597242306E-15,-14.61,577.48275954522));
#2069 = DIRECTION('',(6.475400626674E-17,-1.,-6.585737027495E-19));
#2070 = DIRECTION('',(-0.,-6.585737027495E-19,1.));
#2071 = PCURVE('',#363,#2072);
#2072 = DEFINITIONAL_REPRESENTATION('',(#2073),#2077);
#2073 = LINE('',#2074,#2075);
#2074 = CARTESIAN_POINT('',(3.14159265359,3.14159265359));
#2075 = VECTOR('',#2076,1.);
#2076 = DIRECTION('',(1.,0.));
#2077 = ( GEOMETRIC_REPRESENTATION_CONTEXT(2) 
PARAMETRIC_REPRESENTATION_CONTEXT() REPRESENTATION_CONTEXT('2D SPACE',''
  ) );
#2078 = PCURVE('',#2079,#2084);
#2079 = CYLINDRICAL_SURFACE('',#2080,279.67000007112);
#2080 = AXIS2_PLACEMENT_3D('',#2081,#2082,#2083);
#2081 = CARTESIAN_POINT('',(2.052541210749E-15,-3.552713678801E-12,
    577.48275954522));
#2082 = DIRECTION('',(6.475400626674E-17,-1.,-6.585737027495E-19));
#2083 = DIRECTION('',(-0.,-6.585737027495E-19,1.));
#2084 = DEFINITIONAL_REPRESENTATION('',(#2085),#2089);
#2085 = LINE('',#2086,#2087);
#2086 = CARTESIAN_POINT('',(0.,14.61));
#2087 = VECTOR('',#2088,1.);
#2088 = DIRECTION('',(1.,0.));
#2089 = ( GEOMETRIC_REPRESENTATION_CONTEXT(2) 
PARAMETRIC_REPRESENTATION_CONTEXT() REPRESENTATION_CONTEXT('2D SPACE',''
  ) );
#2090 = ORIENTED_EDGE('',*,*,#2091,.T.);
#2091 = EDGE_CURVE('',#2063,#347,#2092,.T.);
#2092 = SURFACE_CURVE('',#2093,(#2098,#2105),.PCURVE_S1.);
#2093 = CIRCLE('',#2094,281.25300038107);
#2094 = AXIS2_PLACEMENT_3D('',#2095,#2096,#2097);
#2095 = CARTESIAN_POINT('',(2.998597242306E-15,-14.61,575.89975923527));
#2096 = DIRECTION('',(1.,6.475400626674E-17,4.264528567495E-35));
#2097 = DIRECTION('',(0.,6.585737027495E-19,-1.));
#2098 = PCURVE('',#363,#2099);
#2099 = DEFINITIONAL_REPRESENTATION('',(#2100),#2104);
#2100 = LINE('',#2101,#2102);
#2101 = CARTESIAN_POINT('',(3.14159265359,6.28318530718));
#2102 = VECTOR('',#2103,1.);
#2103 = DIRECTION('',(0.,-1.));
#2104 = ( GEOMETRIC_REPRESENTATION_CONTEXT(2) 
PARAMETRIC_REPRESENTATION_CONTEXT() REPRESENTATION_CONTEXT('2D SPACE',''
  ) );
#2105 = PCURVE('',#428,#2106);
#2106 = DEFINITIONAL_REPRESENTATION('',(#2107),#2111);
#2107 = LINE('',#2108,#2109);
#2108 = CARTESIAN_POINT('',(3.14159265359,6.28318530718));
#2109 = VECTOR('',#2110,1.);
#2110 = DIRECTION('',(0.,-1.));
#2111 = ( GEOMETRIC_REPRESENTATION_CONTEXT(2) 
PARAMETRIC_REPRESENTATION_CONTEXT() REPRESENTATION_CONTEXT('2D SPACE',''
  ) );
#2112 = ORIENTED_EDGE('',*,*,#346,.T.);
#2113 = ADVANCED_FACE('',(#2114),#428,.F.);
#2114 = FACE_BOUND('',#2115,.F.);
#2115 = EDGE_LOOP('',(#2116,#2143,#2144,#2145));
#2116 = ORIENTED_EDGE('',*,*,#2117,.F.);
#2117 = EDGE_CURVE('',#2039,#2063,#2118,.T.);
#2118 = SURFACE_CURVE('',#2119,(#2124,#2131),.PCURVE_S1.);
#2119 = CIRCLE('',#2120,279.67000007112);
#2120 = AXIS2_PLACEMENT_3D('',#2121,#2122,#2123);
#2121 = CARTESIAN_POINT('',(2.998597242306E-15,-14.61,577.48275954522));
#2122 = DIRECTION('',(6.475400626674E-17,-1.,-6.585737027495E-19));
#2123 = DIRECTION('',(-0.,-6.585737027495E-19,1.));
#2124 = PCURVE('',#428,#2125);
#2125 = DEFINITIONAL_REPRESENTATION('',(#2126),#2130);
#2126 = LINE('',#2127,#2128);
#2127 = CARTESIAN_POINT('',(-3.14159265359,3.14159265359));
#2128 = VECTOR('',#2129,1.);
#2129 = DIRECTION('',(1.,1.413579858428E-16));
#2130 = ( GEOMETRIC_REPRESENTATION_CONTEXT(2) 
PARAMETRIC_REPRESENTATION_CONTEXT() REPRESENTATION_CONTEXT('2D SPACE',''
  ) );
#2131 = PCURVE('',#2132,#2137);
#2132 = CYLINDRICAL_SURFACE('',#2133,279.67000007112);
#2133 = AXIS2_PLACEMENT_3D('',#2134,#2135,#2136);
#2134 = CARTESIAN_POINT('',(2.052541210749E-15,-3.552713678801E-12,
    577.48275954522));
#2135 = DIRECTION('',(6.475400626674E-17,-1.,-6.585737027495E-19));
#2136 = DIRECTION('',(-0.,-6.585737027495E-19,1.));
#2137 = DEFINITIONAL_REPRESENTATION('',(#2138),#2142);
#2138 = LINE('',#2139,#2140);
#2139 = CARTESIAN_POINT('',(0.,14.61));
#2140 = VECTOR('',#2141,1.);
#2141 = DIRECTION('',(1.,0.));
#2142 = ( GEOMETRIC_REPRESENTATION_CONTEXT(2) 
PARAMETRIC_REPRESENTATION_CONTEXT() REPRESENTATION_CONTEXT('2D SPACE',''
  ) );
#2143 = ORIENTED_EDGE('',*,*,#2038,.T.);
#2144 = ORIENTED_EDGE('',*,*,#413,.T.);
#2145 = ORIENTED_EDGE('',*,*,#2091,.F.);
#2146 = ADVANCED_FACE('',(#2147),#481,.F.);
#2147 = FACE_BOUND('',#2148,.F.);
#2148 = EDGE_LOOP('',(#2149,#2150));
#2149 = ORIENTED_EDGE('',*,*,#493,.T.);
#2150 = ORIENTED_EDGE('',*,*,#458,.T.);
#2151 = ADVANCED_FACE('',(#2152),#544,.F.);
#2152 = FACE_BOUND('',#2153,.F.);
#2153 = EDGE_LOOP('',(#2154,#2155));
#2154 = ORIENTED_EDGE('',*,*,#556,.T.);
#2155 = ORIENTED_EDGE('',*,*,#521,.T.);
#2156 = ADVANCED_FACE('',(#2157),#607,.F.);
#2157 = FACE_BOUND('',#2158,.F.);
#2158 = EDGE_LOOP('',(#2159,#2160));
#2159 = ORIENTED_EDGE('',*,*,#619,.T.);
#2160 = ORIENTED_EDGE('',*,*,#584,.T.);
#2161 = ADVANCED_FACE('',(#2162),#670,.F.);
#2162 = FACE_BOUND('',#2163,.F.);
#2163 = EDGE_LOOP('',(#2164,#2165));
#2164 = ORIENTED_EDGE('',*,*,#682,.T.);
#2165 = ORIENTED_EDGE('',*,*,#647,.T.);
#2166 = ADVANCED_FACE('',(#2167),#733,.F.);
#2167 = FACE_BOUND('',#2168,.F.);
#2168 = EDGE_LOOP('',(#2169,#2170));
#2169 = ORIENTED_EDGE('',*,*,#745,.T.);
#2170 = ORIENTED_EDGE('',*,*,#710,.T.);
#2171 = ADVANCED_FACE('',(#2172),#796,.F.);
#2172 = FACE_BOUND('',#2173,.F.);
#2173 = EDGE_LOOP('',(#2174,#2175));
#2174 = ORIENTED_EDGE('',*,*,#808,.T.);
#2175 = ORIENTED_EDGE('',*,*,#773,.T.);
#2176 = ADVANCED_FACE('',(#2177),#859,.F.);
#2177 = FACE_BOUND('',#2178,.F.);
#2178 = EDGE_LOOP('',(#2179,#2180));
#2179 = ORIENTED_EDGE('',*,*,#871,.T.);
#2180 = ORIENTED_EDGE('',*,*,#836,.T.);
#2181 = ADVANCED_FACE('',(#2182),#922,.F.);
#2182 = FACE_BOUND('',#2183,.F.);
#2183 = EDGE_LOOP('',(#2184,#2185));
#2184 = ORIENTED_EDGE('',*,*,#934,.T.);
#2185 = ORIENTED_EDGE('',*,*,#899,.T.);
#2186 = ADVANCED_FACE('',(#2187),#981,.F.);
#2187 = FACE_BOUND('',#2188,.F.);
#2188 = EDGE_LOOP('',(#2189,#2190));
#2189 = ORIENTED_EDGE('',*,*,#962,.F.);
#2190 = ORIENTED_EDGE('',*,*,#997,.F.);
#2191 = ADVANCED_FACE('',(#2192),#1044,.F.);
#2192 = FACE_BOUND('',#2193,.F.);
#2193 = EDGE_LOOP('',(#2194,#2195));
#2194 = ORIENTED_EDGE('',*,*,#1025,.F.);
#2195 = ORIENTED_EDGE('',*,*,#1060,.F.);
#2196 = ADVANCED_FACE('',(#2197),#1107,.F.);
#2197 = FACE_BOUND('',#2198,.F.);
#2198 = EDGE_LOOP('',(#2199,#2200));
#2199 = ORIENTED_EDGE('',*,*,#1088,.F.);
#2200 = ORIENTED_EDGE('',*,*,#1123,.F.);
#2201 = ADVANCED_FACE('',(#2202),#1170,.F.);
#2202 = FACE_BOUND('',#2203,.F.);
#2203 = EDGE_LOOP('',(#2204,#2205));
#2204 = ORIENTED_EDGE('',*,*,#1151,.F.);
#2205 = ORIENTED_EDGE('',*,*,#1186,.F.);
#2206 = ADVANCED_FACE('',(#2207),#1233,.F.);
#2207 = FACE_BOUND('',#2208,.F.);
#2208 = EDGE_LOOP('',(#2209,#2210));
#2209 = ORIENTED_EDGE('',*,*,#1214,.F.);
#2210 = ORIENTED_EDGE('',*,*,#1249,.F.);
#2211 = ADVANCED_FACE('',(#2212),#1296,.F.);
#2212 = FACE_BOUND('',#2213,.F.);
#2213 = EDGE_LOOP('',(#2214,#2215));
#2214 = ORIENTED_EDGE('',*,*,#1277,.F.);
#2215 = ORIENTED_EDGE('',*,*,#1312,.F.);
#2216 = ADVANCED_FACE('',(#2217),#1359,.F.);
#2217 = FACE_BOUND('',#2218,.F.);
#2218 = EDGE_LOOP('',(#2219,#2220));
#2219 = ORIENTED_EDGE('',*,*,#1340,.F.);
#2220 = ORIENTED_EDGE('',*,*,#1375,.F.);
#2221 = ADVANCED_FACE('',(#2222),#1422,.F.);
#2222 = FACE_BOUND('',#2223,.F.);
#2223 = EDGE_LOOP('',(#2224,#2225));
#2224 = ORIENTED_EDGE('',*,*,#1403,.F.);
#2225 = ORIENTED_EDGE('',*,*,#1438,.F.);
#2226 = ADVANCED_FACE('',(#2227),#1485,.F.);
#2227 = FACE_BOUND('',#2228,.F.);
#2228 = EDGE_LOOP('',(#2229,#2230));
#2229 = ORIENTED_EDGE('',*,*,#1466,.F.);
#2230 = ORIENTED_EDGE('',*,*,#1501,.F.);
#2231 = ADVANCED_FACE('',(#2232),#1548,.F.);
#2232 = FACE_BOUND('',#2233,.F.);
#2233 = EDGE_LOOP('',(#2234,#2235));
#2234 = ORIENTED_EDGE('',*,*,#1529,.F.);
#2235 = ORIENTED_EDGE('',*,*,#1564,.F.);
#2236 = ADVANCED_FACE('',(#2237),#1611,.F.);
#2237 = FACE_BOUND('',#2238,.F.);
#2238 = EDGE_LOOP('',(#2239,#2240));
#2239 = ORIENTED_EDGE('',*,*,#1592,.F.);
#2240 = ORIENTED_EDGE('',*,*,#1627,.F.);
#2241 = ADVANCED_FACE('',(#2242),#1674,.F.);
#2242 = FACE_BOUND('',#2243,.F.);
#2243 = EDGE_LOOP('',(#2244,#2245));
#2244 = ORIENTED_EDGE('',*,*,#1655,.F.);
#2245 = ORIENTED_EDGE('',*,*,#1690,.F.);
#2246 = ADVANCED_FACE('',(#2247),#1737,.F.);
#2247 = FACE_BOUND('',#2248,.F.);
#2248 = EDGE_LOOP('',(#2249,#2250));
#2249 = ORIENTED_EDGE('',*,*,#1718,.F.);
#2250 = ORIENTED_EDGE('',*,*,#1753,.F.);
#2251 = ADVANCED_FACE('',(#2252),#1800,.F.);
#2252 = FACE_BOUND('',#2253,.F.);
#2253 = EDGE_LOOP('',(#2254,#2255));
#2254 = ORIENTED_EDGE('',*,*,#1781,.F.);
#2255 = ORIENTED_EDGE('',*,*,#1816,.F.);
#2256 = ADVANCED_FACE('',(#2257),#1863,.F.);
#2257 = FACE_BOUND('',#2258,.F.);
#2258 = EDGE_LOOP('',(#2259,#2260));
#2259 = ORIENTED_EDGE('',*,*,#1844,.F.);
#2260 = ORIENTED_EDGE('',*,*,#1879,.F.);
#2261 = ADVANCED_FACE('',(#2262),#1926,.F.);
#2262 = FACE_BOUND('',#2263,.F.);
#2263 = EDGE_LOOP('',(#2264,#2265));
#2264 = ORIENTED_EDGE('',*,*,#1907,.F.);
#2265 = ORIENTED_EDGE('',*,*,#1942,.F.);
#2266 = ADVANCED_FACE('',(#2267),#1993,.F.);
#2267 = FACE_BOUND('',#2268,.F.);
#2268 = EDGE_LOOP('',(#2269,#2270));
#2269 = ORIENTED_EDGE('',*,*,#2005,.T.);
#2270 = ORIENTED_EDGE('',*,*,#1970,.T.);
#2271 = ADVANCED_FACE('',(#2272),#2079,.T.);
#2272 = FACE_BOUND('',#2273,.T.);
#2273 = EDGE_LOOP('',(#2274,#2275,#2298,#2339));
#2274 = ORIENTED_EDGE('',*,*,#2062,.F.);
#2275 = ORIENTED_EDGE('',*,*,#2276,.F.);
#2276 = EDGE_CURVE('',#2277,#2063,#2279,.T.);
#2277 = VERTEX_POINT('',#2278);
#2278 = CARTESIAN_POINT('',(1.106958977303E-15,14.602683107368,
    857.15275961635));
#2279 = SURFACE_CURVE('',#2280,(#2284,#2291),.PCURVE_S1.);
#2280 = LINE('',#2281,#2282);
#2281 = CARTESIAN_POINT('',(2.052541210749E-15,-3.552713678801E-12,
    857.15275961635));
#2282 = VECTOR('',#2283,1.);
#2283 = DIRECTION('',(6.475400626674E-17,-1.,-6.585737027495E-19));
#2284 = PCURVE('',#2079,#2285);
#2285 = DEFINITIONAL_REPRESENTATION('',(#2286),#2290);
#2286 = LINE('',#2287,#2288);
#2287 = CARTESIAN_POINT('',(0.,0.));
#2288 = VECTOR('',#2289,1.);
#2289 = DIRECTION('',(0.,1.));
#2290 = ( GEOMETRIC_REPRESENTATION_CONTEXT(2) 
PARAMETRIC_REPRESENTATION_CONTEXT() REPRESENTATION_CONTEXT('2D SPACE',''
  ) );
#2291 = PCURVE('',#2132,#2292);
#2292 = DEFINITIONAL_REPRESENTATION('',(#2293),#2297);
#2293 = LINE('',#2294,#2295);
#2294 = CARTESIAN_POINT('',(6.28318530718,0.));
#2295 = VECTOR('',#2296,1.);
#2296 = DIRECTION('',(0.,1.));
#2297 = ( GEOMETRIC_REPRESENTATION_CONTEXT(2) 
PARAMETRIC_REPRESENTATION_CONTEXT() REPRESENTATION_CONTEXT('2D SPACE',''
  ) );
#2298 = ORIENTED_EDGE('',*,*,#2299,.T.);
#2299 = EDGE_CURVE('',#2277,#2300,#2302,.T.);
#2300 = VERTEX_POINT('',#2301);
#2301 = CARTESIAN_POINT('',(-3.314273806316E-14,14.602683107368,
    297.8127594741));
#2302 = SURFACE_CURVE('',#2303,(#2308,#2315),.PCURVE_S1.);
#2303 = CIRCLE('',#2304,279.67000007112);
#2304 = AXIS2_PLACEMENT_3D('',#2305,#2306,#2307);
#2305 = CARTESIAN_POINT('',(1.106958977303E-15,14.602683107368,
    577.48275954522));
#2306 = DIRECTION('',(6.475400626674E-17,-1.,-6.585737027495E-19));
#2307 = DIRECTION('',(-0.,-6.585737027495E-19,1.));
#2308 = PCURVE('',#2079,#2309);
#2309 = DEFINITIONAL_REPRESENTATION('',(#2310),#2314);
#2310 = LINE('',#2311,#2312);
#2311 = CARTESIAN_POINT('',(0.,-14.60268310737));
#2312 = VECTOR('',#2313,1.);
#2313 = DIRECTION('',(1.,0.));
#2314 = ( GEOMETRIC_REPRESENTATION_CONTEXT(2) 
PARAMETRIC_REPRESENTATION_CONTEXT() REPRESENTATION_CONTEXT('2D SPACE',''
  ) );
#2315 = PCURVE('',#2316,#2333);
#2316 = SURFACE_OF_REVOLUTION('',#2317,#2330);
#2317 = B_SPLINE_CURVE_WITH_KNOTS('',6,(#2318,#2319,#2320,#2321,#2322,
    #2323,#2324,#2325,#2326,#2327,#2328,#2329),.UNSPECIFIED.,.F.,.F.,(7,
    5,7),(3.156238843159,3.651977658192,4.147716473225),.UNSPECIFIED.);
#2318 = CARTESIAN_POINT('',(1.106958977303E-15,14.602683107368,
    297.8127594741));
#2319 = CARTESIAN_POINT('',(-4.369508205706E-16,38.445374654731,
    298.16198902586));
#2320 = CARTESIAN_POINT('',(-1.978618320117E-15,62.253438254631,
    300.8751674741));
#2321 = CARTESIAN_POINT('',(-3.499073363686E-15,85.733916625425,
    305.9480077605));
#2322 = CARTESIAN_POINT('',(-4.979386430779E-15,108.59448004748,
    313.32779184397));
#2323 = CARTESIAN_POINT('',(-6.401466564911E-15,130.55574879546,
    322.91360973542));
#2324 = CARTESIAN_POINT('',(-9.096052604621E-15,172.16840251467,
    346.21104857439));
#2325 = CARTESIAN_POINT('',(-1.036855821327E-14,191.81978290037,
    359.92266695463));
#2326 = CARTESIAN_POINT('',(-1.154972197911E-14,210.06056573279,
    375.5540589193));
#2327 = CARTESIAN_POINT('',(-1.262451700102E-14,226.65868967715,
    392.91979687137));
#2328 = CARTESIAN_POINT('',(-1.358013841595E-14,241.41640846603,
    411.79822280727));
#2329 = CARTESIAN_POINT('',(-1.44064336786E-14,254.17693573346,
    431.94182837727));
#2330 = AXIS1_PLACEMENT('',#2331,#2332);
#2331 = CARTESIAN_POINT('',(1.380659707179E-15,10.375906330842,
    577.48275954522));
#2332 = DIRECTION('',(6.475400626674E-17,-1.,-6.585737027495E-19));
#2333 = DEFINITIONAL_REPRESENTATION('',(#2334),#2338);
#2334 = LINE('',#2335,#2336);
#2335 = CARTESIAN_POINT('',(3.14159265359,3.156238843159));
#2336 = VECTOR('',#2337,1.);
#2337 = DIRECTION('',(1.,0.));
#2338 = ( GEOMETRIC_REPRESENTATION_CONTEXT(2) 
PARAMETRIC_REPRESENTATION_CONTEXT() REPRESENTATION_CONTEXT('2D SPACE',''
  ) );
#2339 = ORIENTED_EDGE('',*,*,#2340,.T.);
#2340 = EDGE_CURVE('',#2300,#2039,#2341,.T.);
#2341 = SURFACE_CURVE('',#2342,(#2346,#2353),.PCURVE_S1.);
#2342 = LINE('',#2343,#2344);
#2343 = CARTESIAN_POINT('',(-3.219715582972E-14,-3.552713678801E-12,
    297.8127594741));
#2344 = VECTOR('',#2345,1.);
#2345 = DIRECTION('',(6.475400626674E-17,-1.,-6.585737027495E-19));
#2346 = PCURVE('',#2079,#2347);
#2347 = DEFINITIONAL_REPRESENTATION('',(#2348),#2352);
#2348 = LINE('',#2349,#2350);
#2349 = CARTESIAN_POINT('',(3.14159265359,0.));
#2350 = VECTOR('',#2351,1.);
#2351 = DIRECTION('',(0.,1.));
#2352 = ( GEOMETRIC_REPRESENTATION_CONTEXT(2) 
PARAMETRIC_REPRESENTATION_CONTEXT() REPRESENTATION_CONTEXT('2D SPACE',''
  ) );
#2353 = PCURVE('',#2132,#2354);
#2354 = DEFINITIONAL_REPRESENTATION('',(#2355),#2359);
#2355 = LINE('',#2356,#2357);
#2356 = CARTESIAN_POINT('',(3.14159265359,0.));
#2357 = VECTOR('',#2358,1.);
#2358 = DIRECTION('',(0.,1.));
#2359 = ( GEOMETRIC_REPRESENTATION_CONTEXT(2) 
PARAMETRIC_REPRESENTATION_CONTEXT() REPRESENTATION_CONTEXT('2D SPACE',''
  ) );
#2360 = ADVANCED_FACE('',(#2361),#2132,.T.);
#2361 = FACE_BOUND('',#2362,.T.);
#2362 = EDGE_LOOP('',(#2363,#2364,#2365,#2366));
#2363 = ORIENTED_EDGE('',*,*,#2276,.T.);
#2364 = ORIENTED_EDGE('',*,*,#2117,.F.);
#2365 = ORIENTED_EDGE('',*,*,#2340,.F.);
#2366 = ORIENTED_EDGE('',*,*,#2367,.T.);
#2367 = EDGE_CURVE('',#2300,#2277,#2368,.T.);
#2368 = SURFACE_CURVE('',#2369,(#2374,#2381),.PCURVE_S1.);
#2369 = CIRCLE('',#2370,279.67000007112);
#2370 = AXIS2_PLACEMENT_3D('',#2371,#2372,#2373);
#2371 = CARTESIAN_POINT('',(1.106958977303E-15,14.602683107368,
    577.48275954522));
#2372 = DIRECTION('',(6.475400626674E-17,-1.,-6.585737027495E-19));
#2373 = DIRECTION('',(-0.,-6.585737027495E-19,1.));
#2374 = PCURVE('',#2132,#2375);
#2375 = DEFINITIONAL_REPRESENTATION('',(#2376),#2380);
#2376 = LINE('',#2377,#2378);
#2377 = CARTESIAN_POINT('',(0.,-14.60268310737));
#2378 = VECTOR('',#2379,1.);
#2379 = DIRECTION('',(1.,0.));
#2380 = ( GEOMETRIC_REPRESENTATION_CONTEXT(2) 
PARAMETRIC_REPRESENTATION_CONTEXT() REPRESENTATION_CONTEXT('2D SPACE',''
  ) );
#2381 = PCURVE('',#2382,#2399);
#2382 = SURFACE_OF_REVOLUTION('',#2383,#2396);
#2383 = B_SPLINE_CURVE_WITH_KNOTS('',6,(#2384,#2385,#2386,#2387,#2388,
    #2389,#2390,#2391,#2392,#2393,#2394,#2395),.UNSPECIFIED.,.F.,.F.,(7,
    5,7),(3.156238843159,3.651977658192,4.147716473225),.UNSPECIFIED.);
#2384 = CARTESIAN_POINT('',(1.106958977303E-15,14.602683107368,
    297.8127594741));
#2385 = CARTESIAN_POINT('',(-4.369508205706E-16,38.445374654731,
    298.16198902586));
#2386 = CARTESIAN_POINT('',(-1.978618320117E-15,62.253438254631,
    300.8751674741));
#2387 = CARTESIAN_POINT('',(-3.499073363686E-15,85.733916625425,
    305.9480077605));
#2388 = CARTESIAN_POINT('',(-4.979386430779E-15,108.59448004748,
    313.32779184397));
#2389 = CARTESIAN_POINT('',(-6.401466564911E-15,130.55574879546,
    322.91360973542));
#2390 = CARTESIAN_POINT('',(-9.096052604621E-15,172.16840251467,
    346.21104857439));
#2391 = CARTESIAN_POINT('',(-1.036855821327E-14,191.81978290037,
    359.92266695463));
#2392 = CARTESIAN_POINT('',(-1.154972197911E-14,210.06056573279,
    375.5540589193));
#2393 = CARTESIAN_POINT('',(-1.262451700102E-14,226.65868967715,
    392.91979687137));
#2394 = CARTESIAN_POINT('',(-1.358013841595E-14,241.41640846603,
    411.79822280727));
#2395 = CARTESIAN_POINT('',(-1.44064336786E-14,254.17693573346,
    431.94182837727));
#2396 = AXIS1_PLACEMENT('',#2397,#2398);
#2397 = CARTESIAN_POINT('',(1.380659707179E-15,10.375906330842,
    577.48275954522));
#2398 = DIRECTION('',(6.475400626674E-17,-1.,-6.585737027495E-19));
#2399 = DEFINITIONAL_REPRESENTATION('',(#2400),#2404);
#2400 = LINE('',#2401,#2402);
#2401 = CARTESIAN_POINT('',(-3.14159265359,3.156238843159));
#2402 = VECTOR('',#2403,1.);
#2403 = DIRECTION('',(1.,0.));
#2404 = ( GEOMETRIC_REPRESENTATION_CONTEXT(2) 
PARAMETRIC_REPRESENTATION_CONTEXT() REPRESENTATION_CONTEXT('2D SPACE',''
  ) );
#2405 = ADVANCED_FACE('',(#2406),#2316,.F.);
#2406 = FACE_BOUND('',#2407,.F.);
#2407 = EDGE_LOOP('',(#2408,#2432,#2466,#2488));
#2408 = ORIENTED_EDGE('',*,*,#2409,.F.);
#2409 = EDGE_CURVE('',#2410,#2300,#2412,.T.);
#2410 = VERTEX_POINT('',#2411);
#2411 = CARTESIAN_POINT('',(-3.223005722857E-14,254.17693573346,
    431.94182837727));
#2412 = SURFACE_CURVE('',#2413,(#2418,#2425),.PCURVE_S1.);
#2413 = CIRCLE('',#2414,288.60256624343);
#2414 = AXIS2_PLACEMENT_3D('',#2415,#2416,#2417);
#2415 = CARTESIAN_POINT('',(2.470792836637E-15,10.375906330842,
    586.38437207724));
#2416 = DIRECTION('',(-1.,-6.475400626674E-17,1.224646799147E-16));
#2417 = DIRECTION('',(1.224646799147E-16,-6.585737027495E-19,1.));
#2418 = PCURVE('',#2316,#2419);
#2419 = DEFINITIONAL_REPRESENTATION('',(#2420),#2424);
#2420 = LINE('',#2421,#2422);
#2421 = CARTESIAN_POINT('',(6.28318530718,6.28318530718));
#2422 = VECTOR('',#2423,1.);
#2423 = DIRECTION('',(0.,-1.));
#2424 = ( GEOMETRIC_REPRESENTATION_CONTEXT(2) 
PARAMETRIC_REPRESENTATION_CONTEXT() REPRESENTATION_CONTEXT('2D SPACE',''
  ) );
#2425 = PCURVE('',#2382,#2426);
#2426 = DEFINITIONAL_REPRESENTATION('',(#2427),#2431);
#2427 = LINE('',#2428,#2429);
#2428 = CARTESIAN_POINT('',(0.,6.28318530718));
#2429 = VECTOR('',#2430,1.);
#2430 = DIRECTION('',(0.,-1.));
#2431 = ( GEOMETRIC_REPRESENTATION_CONTEXT(2) 
PARAMETRIC_REPRESENTATION_CONTEXT() REPRESENTATION_CONTEXT('2D SPACE',''
  ) );
#2432 = ORIENTED_EDGE('',*,*,#2433,.F.);
#2433 = EDGE_CURVE('',#2434,#2410,#2436,.T.);
#2434 = VERTEX_POINT('',#2435);
#2435 = CARTESIAN_POINT('',(-1.44064336786E-14,254.17693573346,
    723.02369071317));
#2436 = SURFACE_CURVE('',#2437,(#2442,#2449),.PCURVE_S1.);
#2437 = CIRCLE('',#2438,145.54093116795);
#2438 = AXIS2_PLACEMENT_3D('',#2439,#2440,#2441);
#2439 = CARTESIAN_POINT('',(-1.44064336786E-14,254.17693573346,
    577.48275954522));
#2440 = DIRECTION('',(6.475400626674E-17,-1.,-6.585737027495E-19));
#2441 = DIRECTION('',(-0.,-6.585737027495E-19,1.));
#2442 = PCURVE('',#2316,#2443);
#2443 = DEFINITIONAL_REPRESENTATION('',(#2444),#2448);
#2444 = LINE('',#2445,#2446);
#2445 = CARTESIAN_POINT('',(3.14159265359,4.147716473225));
#2446 = VECTOR('',#2447,1.);
#2447 = DIRECTION('',(1.,0.));
#2448 = ( GEOMETRIC_REPRESENTATION_CONTEXT(2) 
PARAMETRIC_REPRESENTATION_CONTEXT() REPRESENTATION_CONTEXT('2D SPACE',''
  ) );
#2449 = PCURVE('',#2450,#2460);
#2450 = SURFACE_OF_REVOLUTION('',#2451,#2457);
#2451 = B_SPLINE_CURVE_WITH_KNOTS('',4,(#2452,#2453,#2454,#2455,#2456),
  .UNSPECIFIED.,.F.,.F.,(5,5),(4.209385384375,4.274659433748),
  .PIECEWISE_BEZIER_KNOTS.);
#2452 = CARTESIAN_POINT('',(-1.44064336786E-14,254.17693573346,
    431.94182837727));
#2453 = CARTESIAN_POINT('',(-1.477015830126E-14,259.79395688209,
    442.15071620959));
#2454 = CARTESIAN_POINT('',(-1.5119499448E-14,265.18885315011,
    452.48181980291));
#2455 = CARTESIAN_POINT('',(-1.545419872677E-14,270.35763417328,
    462.92788652361));
#2456 = CARTESIAN_POINT('',(-1.577402891888E-14,275.296791,
    473.48141897479));
#2457 = AXIS1_PLACEMENT('',#2458,#2459);
#2458 = CARTESIAN_POINT('',(2.610377783829E-14,-371.424688821,
    577.48275954522));
#2459 = DIRECTION('',(6.475400626674E-17,-1.,-6.585737027495E-19));
#2460 = DEFINITIONAL_REPRESENTATION('',(#2461),#2465);
#2461 = LINE('',#2462,#2463);
#2462 = CARTESIAN_POINT('',(3.14159265359,4.209385384375));
#2463 = VECTOR('',#2464,1.);
#2464 = DIRECTION('',(1.,0.));
#2465 = ( GEOMETRIC_REPRESENTATION_CONTEXT(2) 
PARAMETRIC_REPRESENTATION_CONTEXT() REPRESENTATION_CONTEXT('2D SPACE',''
  ) );
#2466 = ORIENTED_EDGE('',*,*,#2467,.T.);
#2467 = EDGE_CURVE('',#2434,#2277,#2468,.T.);
#2468 = SURFACE_CURVE('',#2469,(#2474,#2481),.PCURVE_S1.);
#2469 = CIRCLE('',#2470,288.60256624343);
#2470 = AXIS2_PLACEMENT_3D('',#2471,#2472,#2473);
#2471 = CARTESIAN_POINT('',(1.380659707179E-15,10.375906330842,
    568.5811470132));
#2472 = DIRECTION('',(1.,6.475400626674E-17,4.264528567495E-35));
#2473 = DIRECTION('',(0.,6.585737027495E-19,-1.));
#2474 = PCURVE('',#2316,#2475);
#2475 = DEFINITIONAL_REPRESENTATION('',(#2476),#2480);
#2476 = LINE('',#2477,#2478);
#2477 = CARTESIAN_POINT('',(3.14159265359,6.28318530718));
#2478 = VECTOR('',#2479,1.);
#2479 = DIRECTION('',(0.,-1.));
#2480 = ( GEOMETRIC_REPRESENTATION_CONTEXT(2) 
PARAMETRIC_REPRESENTATION_CONTEXT() REPRESENTATION_CONTEXT('2D SPACE',''
  ) );
#2481 = PCURVE('',#2382,#2482);
#2482 = DEFINITIONAL_REPRESENTATION('',(#2483),#2487);
#2483 = LINE('',#2484,#2485);
#2484 = CARTESIAN_POINT('',(3.14159265359,6.28318530718));
#2485 = VECTOR('',#2486,1.);
#2486 = DIRECTION('',(0.,-1.));
#2487 = ( GEOMETRIC_REPRESENTATION_CONTEXT(2) 
PARAMETRIC_REPRESENTATION_CONTEXT() REPRESENTATION_CONTEXT('2D SPACE',''
  ) );
#2488 = ORIENTED_EDGE('',*,*,#2299,.T.);
#2489 = ADVANCED_FACE('',(#2490),#2382,.F.);
#2490 = FACE_BOUND('',#2491,.F.);
#2491 = EDGE_LOOP('',(#2492,#2524,#2525,#2526));
#2492 = ORIENTED_EDGE('',*,*,#2493,.F.);
#2493 = EDGE_CURVE('',#2410,#2434,#2494,.T.);
#2494 = SURFACE_CURVE('',#2495,(#2500,#2507),.PCURVE_S1.);
#2495 = CIRCLE('',#2496,145.54093116795);
#2496 = AXIS2_PLACEMENT_3D('',#2497,#2498,#2499);
#2497 = CARTESIAN_POINT('',(-1.44064336786E-14,254.17693573346,
    577.48275954522));
#2498 = DIRECTION('',(6.475400626674E-17,-1.,-6.585737027495E-19));
#2499 = DIRECTION('',(-0.,-6.585737027495E-19,1.));
#2500 = PCURVE('',#2382,#2501);
#2501 = DEFINITIONAL_REPRESENTATION('',(#2502),#2506);
#2502 = LINE('',#2503,#2504);
#2503 = CARTESIAN_POINT('',(-3.14159265359,4.147716473225));
#2504 = VECTOR('',#2505,1.);
#2505 = DIRECTION('',(1.,0.));
#2506 = ( GEOMETRIC_REPRESENTATION_CONTEXT(2) 
PARAMETRIC_REPRESENTATION_CONTEXT() REPRESENTATION_CONTEXT('2D SPACE',''
  ) );
#2507 = PCURVE('',#2508,#2518);
#2508 = SURFACE_OF_REVOLUTION('',#2509,#2515);
#2509 = B_SPLINE_CURVE_WITH_KNOTS('',4,(#2510,#2511,#2512,#2513,#2514),
  .UNSPECIFIED.,.F.,.F.,(5,5),(4.209385384375,4.274659433748),
  .PIECEWISE_BEZIER_KNOTS.);
#2510 = CARTESIAN_POINT('',(-1.44064336786E-14,254.17693573346,
    431.94182837727));
#2511 = CARTESIAN_POINT('',(-1.477015830126E-14,259.79395688209,
    442.15071620959));
#2512 = CARTESIAN_POINT('',(-1.5119499448E-14,265.18885315011,
    452.48181980291));
#2513 = CARTESIAN_POINT('',(-1.545419872677E-14,270.35763417328,
    462.92788652361));
#2514 = CARTESIAN_POINT('',(-1.577402891888E-14,275.296791,
    473.48141897479));
#2515 = AXIS1_PLACEMENT('',#2516,#2517);
#2516 = CARTESIAN_POINT('',(2.610377783829E-14,-371.424688821,
    577.48275954522));
#2517 = DIRECTION('',(6.475400626674E-17,-1.,-6.585737027495E-19));
#2518 = DEFINITIONAL_REPRESENTATION('',(#2519),#2523);
#2519 = LINE('',#2520,#2521);
#2520 = CARTESIAN_POINT('',(-3.14159265359,4.209385384375));
#2521 = VECTOR('',#2522,1.);
#2522 = DIRECTION('',(1.,0.));
#2523 = ( GEOMETRIC_REPRESENTATION_CONTEXT(2) 
PARAMETRIC_REPRESENTATION_CONTEXT() REPRESENTATION_CONTEXT('2D SPACE',''
  ) );
#2524 = ORIENTED_EDGE('',*,*,#2409,.T.);
#2525 = ORIENTED_EDGE('',*,*,#2367,.T.);
#2526 = ORIENTED_EDGE('',*,*,#2467,.F.);
#2527 = ADVANCED_FACE('',(#2528),#2450,.F.);
#2528 = FACE_BOUND('',#2529,.F.);
#2529 = EDGE_LOOP('',(#2530,#2554,#2663,#2685));
#2530 = ORIENTED_EDGE('',*,*,#2531,.F.);
#2531 = EDGE_CURVE('',#2532,#2410,#2534,.T.);
#2532 = VERTEX_POINT('',#2533);
#2533 = CARTESIAN_POINT('',(-2.851051980254E-14,275.296791,
    473.48141897479));
#2534 = SURFACE_CURVE('',#2535,(#2540,#2547),.PCURVE_S1.);
#2535 = CIRCLE('',#2536,714.04412624471);
#2536 = AXIS2_PLACEMENT_3D('',#2537,#2538,#2539);
#2537 = CARTESIAN_POINT('',(5.043391699453E-14,-371.424688821,
    776.1534225738));
#2538 = DIRECTION('',(-1.,-6.475400626674E-17,1.224646799147E-16));
#2539 = DIRECTION('',(1.224646799147E-16,-6.585737027495E-19,1.));
#2540 = PCURVE('',#2450,#2541);
#2541 = DEFINITIONAL_REPRESENTATION('',(#2542),#2546);
#2542 = LINE('',#2543,#2544);
#2543 = CARTESIAN_POINT('',(6.28318530718,6.28318530718));
#2544 = VECTOR('',#2545,1.);
#2545 = DIRECTION('',(0.,-1.));
#2546 = ( GEOMETRIC_REPRESENTATION_CONTEXT(2) 
PARAMETRIC_REPRESENTATION_CONTEXT() REPRESENTATION_CONTEXT('2D SPACE',''
  ) );
#2547 = PCURVE('',#2508,#2548);
#2548 = DEFINITIONAL_REPRESENTATION('',(#2549),#2553);
#2549 = LINE('',#2550,#2551);
#2550 = CARTESIAN_POINT('',(0.,6.28318530718));
#2551 = VECTOR('',#2552,1.);
#2552 = DIRECTION('',(0.,-1.));
#2553 = ( GEOMETRIC_REPRESENTATION_CONTEXT(2) 
PARAMETRIC_REPRESENTATION_CONTEXT() REPRESENTATION_CONTEXT('2D SPACE',''
  ) );
#2554 = ORIENTED_EDGE('',*,*,#2555,.T.);
#2555 = EDGE_CURVE('',#2532,#2556,#2558,.T.);
#2556 = VERTEX_POINT('',#2557);
#2557 = CARTESIAN_POINT('',(-1.577402891888E-14,275.296791,
    681.48410011565));
#2558 = SURFACE_CURVE('',#2559,(#2590,#2624),.PCURVE_S1.);
#2559 = B_SPLINE_CURVE_WITH_KNOTS('',8,(#2560,#2561,#2562,#2563,#2564,
    #2565,#2566,#2567,#2568,#2569,#2570,#2571,#2572,#2573,#2574,#2575,
    #2576,#2577,#2578,#2579,#2580,#2581,#2582,#2583,#2584,#2585,#2586,
    #2587,#2588,#2589),.UNSPECIFIED.,.F.,.F.,(9,7,7,7,9),(0.,0.25,0.5,
    0.75,1.),.UNSPECIFIED.);
#2560 = CARTESIAN_POINT('',(0.,275.296791,473.48141897479));
#2561 = CARTESIAN_POINT('',(-10.2078173795,275.296791,473.48141897479));
#2562 = CARTESIAN_POINT('',(-20.42228591653,275.296791,474.62645559144)
  );
#2563 = CARTESIAN_POINT('',(-30.48317797094,275.296791,476.91912487004)
  );
#2564 = CARTESIAN_POINT('',(-40.24113413167,275.296791,480.33206775997)
  );
#2565 = CARTESIAN_POINT('',(-49.55436616383,275.296791,484.81866967006)
  );
#2566 = CARTESIAN_POINT('',(-58.28965315474,275.296791,490.31163267292)
  );
#2567 = CARTESIAN_POINT('',(-66.32203627965,275.296791,496.72468948518)
  );
#2568 = CARTESIAN_POINT('',(-80.75807006004,275.296791,511.16072326557)
  );
#2569 = CARTESIAN_POINT('',(-87.17112687225,275.296791,519.19310639044)
  );
#2570 = CARTESIAN_POINT('',(-92.66408987522,275.296791,527.92839338136)
  );
#2571 = CARTESIAN_POINT('',(-97.15069178519,275.296791,537.24162541366)
  );
#2572 = CARTESIAN_POINT('',(-100.5636346751,275.296791,546.9995815741));
#2573 = CARTESIAN_POINT('',(-102.8563039537,275.296791,557.06047362878)
  );
#2574 = CARTESIAN_POINT('',(-104.0013405704,275.296791,567.27494216568)
  );
#2575 = CARTESIAN_POINT('',(-104.0013405704,275.296791,587.69057692473)
  );
#2576 = CARTESIAN_POINT('',(-102.8563039537,275.296791,597.90504546168)
  );
#2577 = CARTESIAN_POINT('',(-100.5636346751,275.296791,607.96593751623)
  );
#2578 = CARTESIAN_POINT('',(-97.15069178524,275.296791,617.72389367683)
  );
#2579 = CARTESIAN_POINT('',(-92.66408987518,275.296791,627.03712570907)
  );
#2580 = CARTESIAN_POINT('',(-87.1711268723,275.296791,635.77241269995));
#2581 = CARTESIAN_POINT('',(-80.75807006004,275.296791,643.80479582486)
  );
#2582 = CARTESIAN_POINT('',(-66.32203627966,275.296791,658.24082960525)
  );
#2583 = CARTESIAN_POINT('',(-58.28965315474,275.296791,664.65388641752)
  );
#2584 = CARTESIAN_POINT('',(-49.55436616394,275.296791,670.14684942034)
  );
#2585 = CARTESIAN_POINT('',(-40.24113413148,275.296791,674.63345133054)
  );
#2586 = CARTESIAN_POINT('',(-30.48317797114,275.296791,678.04639422034)
  );
#2587 = CARTESIAN_POINT('',(-20.42228591643,275.296791,680.33906349902)
  );
#2588 = CARTESIAN_POINT('',(-10.20781737952,275.296791,681.48410011565)
  );
#2589 = CARTESIAN_POINT('',(0.,275.296791,681.48410011565));
#2590 = PCURVE('',#2450,#2591);
#2591 = DEFINITIONAL_REPRESENTATION('',(#2592),#2623);
#2592 = B_SPLINE_CURVE_WITH_KNOTS('',8,(#2593,#2594,#2595,#2596,#2597,
    #2598,#2599,#2600,#2601,#2602,#2603,#2604,#2605,#2606,#2607,#2608,
    #2609,#2610,#2611,#2612,#2613,#2614,#2615,#2616,#2617,#2618,#2619,
    #2620,#2621,#2622),.UNSPECIFIED.,.F.,.F.,(9,7,7,7,9),(0.,0.25,0.5,
    0.75,1.),.UNSPECIFIED.);
#2593 = CARTESIAN_POINT('',(6.28318530718,4.274659433748));
#2594 = CARTESIAN_POINT('',(6.185034482166,4.274659433748));
#2595 = CARTESIAN_POINT('',(6.086819785849,4.274659433748));
#2596 = CARTESIAN_POINT('',(5.988640369585,4.274659433748));
#2597 = CARTESIAN_POINT('',(5.890486225479,4.274659433748));
#2598 = CARTESIAN_POINT('',(5.79233208138,4.274659433748));
#2599 = CARTESIAN_POINT('',(5.694152665111,4.274659433748));
#2600 = CARTESIAN_POINT('',(5.595937968796,4.274659433748));
#2601 = CARTESIAN_POINT('',(5.399636318768,4.274659433748));
#2602 = CARTESIAN_POINT('',(5.301421622454,4.274659433748));
#2603 = CARTESIAN_POINT('',(5.203242206184,4.274659433748));
#2604 = CARTESIAN_POINT('',(5.105088062085,4.274659433748));
#2605 = CARTESIAN_POINT('',(5.006933917981,4.274659433748));
#2606 = CARTESIAN_POINT('',(4.908754501714,4.274659433748));
#2607 = CARTESIAN_POINT('',(4.810539805399,4.274659433748));
#2608 = CARTESIAN_POINT('',(4.614238155371,4.274659433748));
#2609 = CARTESIAN_POINT('',(4.516023459054,4.274659433748));
#2610 = CARTESIAN_POINT('',(4.417844042791,4.274659433748));
#2611 = CARTESIAN_POINT('',(4.319689898683,4.274659433748));
#2612 = CARTESIAN_POINT('',(4.221535754586,4.274659433748));
#2613 = CARTESIAN_POINT('',(4.123356338316,4.274659433748));
#2614 = CARTESIAN_POINT('',(4.025141642001,4.274659433748));
#2615 = CARTESIAN_POINT('',(3.828839991973,4.274659433748));
#2616 = CARTESIAN_POINT('',(3.730625295658,4.274659433748));
#2617 = CARTESIAN_POINT('',(3.63244587939,4.274659433748));
#2618 = CARTESIAN_POINT('',(3.534291735289,4.274659433748));
#2619 = CARTESIAN_POINT('',(3.436137591186,4.274659433748));
#2620 = CARTESIAN_POINT('',(3.33795817492,4.274659433748));
#2621 = CARTESIAN_POINT('',(3.239743478604,4.274659433748));
#2622 = CARTESIAN_POINT('',(3.14159265359,4.274659433748));
#2623 = ( GEOMETRIC_REPRESENTATION_CONTEXT(2) 
PARAMETRIC_REPRESENTATION_CONTEXT() REPRESENTATION_CONTEXT('2D SPACE',''
  ) );
#2624 = PCURVE('',#2625,#2630);
#2625 = PLANE('',#2626);
#2626 = AXIS2_PLACEMENT_3D('',#2627,#2628,#2629);
#2627 = CARTESIAN_POINT('',(-305.9400000711,275.296791,271.5427594741));
#2628 = DIRECTION('',(-0.,1.,0.));
#2629 = DIRECTION('',(0.,0.,1.));
#2630 = DEFINITIONAL_REPRESENTATION('',(#2631),#2662);
#2631 = B_SPLINE_CURVE_WITH_KNOTS('',8,(#2632,#2633,#2634,#2635,#2636,
    #2637,#2638,#2639,#2640,#2641,#2642,#2643,#2644,#2645,#2646,#2647,
    #2648,#2649,#2650,#2651,#2652,#2653,#2654,#2655,#2656,#2657,#2658,
    #2659,#2660,#2661),.UNSPECIFIED.,.F.,.F.,(9,7,7,7,9),(0.,0.25,0.5,
    0.75,1.),.UNSPECIFIED.);
#2632 = CARTESIAN_POINT('',(201.93865950069,305.94000007112));
#2633 = CARTESIAN_POINT('',(201.93865950069,295.73218269162));
#2634 = CARTESIAN_POINT('',(203.08369611734,285.51771415459));
#2635 = CARTESIAN_POINT('',(205.37636539595,275.45682210018));
#2636 = CARTESIAN_POINT('',(208.78930828587,265.69886593945));
#2637 = CARTESIAN_POINT('',(213.27591019596,256.38563390728));
#2638 = CARTESIAN_POINT('',(218.76887319882,247.65034691637));
#2639 = CARTESIAN_POINT('',(225.18193001108,239.61796379147));
#2640 = CARTESIAN_POINT('',(239.61796379148,225.18193001108));
#2641 = CARTESIAN_POINT('',(247.65034691634,218.76887319887));
#2642 = CARTESIAN_POINT('',(256.38563390726,213.2759101959));
#2643 = CARTESIAN_POINT('',(265.69886593956,208.78930828592));
#2644 = CARTESIAN_POINT('',(275.4568221,205.37636539593));
#2645 = CARTESIAN_POINT('',(285.51771415468,203.08369611735));
#2646 = CARTESIAN_POINT('',(295.73218269158,201.93865950069));
#2647 = CARTESIAN_POINT('',(316.14781745063,201.93865950069));
#2648 = CARTESIAN_POINT('',(326.36228598758,203.08369611734));
#2649 = CARTESIAN_POINT('',(336.42317804213,205.37636539593));
#2650 = CARTESIAN_POINT('',(346.18113420273,208.78930828588));
#2651 = CARTESIAN_POINT('',(355.49436623497,213.27591019594));
#2652 = CARTESIAN_POINT('',(364.22965322585,218.76887319882));
#2653 = CARTESIAN_POINT('',(372.26203635076,225.18193001108));
#2654 = CARTESIAN_POINT('',(386.69807013115,239.61796379146));
#2655 = CARTESIAN_POINT('',(393.11112694342,247.65034691638));
#2656 = CARTESIAN_POINT('',(398.60408994624,256.38563390717));
#2657 = CARTESIAN_POINT('',(403.09069185644,265.69886593963));
#2658 = CARTESIAN_POINT('',(406.50363474624,275.45682209998));
#2659 = CARTESIAN_POINT('',(408.79630402492,285.51771415468));
#2660 = CARTESIAN_POINT('',(409.94134064156,295.73218269159));
#2661 = CARTESIAN_POINT('',(409.94134064156,305.94000007112));
#2662 = ( GEOMETRIC_REPRESENTATION_CONTEXT(2) 
PARAMETRIC_REPRESENTATION_CONTEXT() REPRESENTATION_CONTEXT('2D SPACE',''
  ) );
#2663 = ORIENTED_EDGE('',*,*,#2664,.T.);
#2664 = EDGE_CURVE('',#2556,#2434,#2665,.T.);
#2665 = SURFACE_CURVE('',#2666,(#2671,#2678),.PCURVE_S1.);
#2666 = CIRCLE('',#2667,714.04412624471);
#2667 = AXIS2_PLACEMENT_3D('',#2668,#2669,#2670);
#2668 = CARTESIAN_POINT('',(2.610377783829E-14,-371.424688821,
    378.81209651664));
#2669 = DIRECTION('',(1.,6.475400626674E-17,4.264528567495E-35));
#2670 = DIRECTION('',(0.,6.585737027495E-19,-1.));
#2671 = PCURVE('',#2450,#2672);
#2672 = DEFINITIONAL_REPRESENTATION('',(#2673),#2677);
#2673 = LINE('',#2674,#2675);
#2674 = CARTESIAN_POINT('',(3.14159265359,6.28318530718));
#2675 = VECTOR('',#2676,1.);
#2676 = DIRECTION('',(0.,-1.));
#2677 = ( GEOMETRIC_REPRESENTATION_CONTEXT(2) 
PARAMETRIC_REPRESENTATION_CONTEXT() REPRESENTATION_CONTEXT('2D SPACE',''
  ) );
#2678 = PCURVE('',#2508,#2679);
#2679 = DEFINITIONAL_REPRESENTATION('',(#2680),#2684);
#2680 = LINE('',#2681,#2682);
#2681 = CARTESIAN_POINT('',(3.14159265359,6.28318530718));
#2682 = VECTOR('',#2683,1.);
#2683 = DIRECTION('',(0.,-1.));
#2684 = ( GEOMETRIC_REPRESENTATION_CONTEXT(2) 
PARAMETRIC_REPRESENTATION_CONTEXT() REPRESENTATION_CONTEXT('2D SPACE',''
  ) );
#2685 = ORIENTED_EDGE('',*,*,#2433,.T.);
#2686 = ADVANCED_FACE('',(#2687),#2508,.F.);
#2687 = FACE_BOUND('',#2688,.F.);
#2688 = EDGE_LOOP('',(#2689,#2791,#2792,#2793));
#2689 = ORIENTED_EDGE('',*,*,#2690,.T.);
#2690 = EDGE_CURVE('',#2556,#2532,#2691,.T.);
#2691 = SURFACE_CURVE('',#2692,(#2723,#2757),.PCURVE_S1.);
#2692 = B_SPLINE_CURVE_WITH_KNOTS('',8,(#2693,#2694,#2695,#2696,#2697,
    #2698,#2699,#2700,#2701,#2702,#2703,#2704,#2705,#2706,#2707,#2708,
    #2709,#2710,#2711,#2712,#2713,#2714,#2715,#2716,#2717,#2718,#2719,
    #2720,#2721,#2722),.UNSPECIFIED.,.F.,.F.,(9,7,7,7,9),(0.,
    0.250000000001,0.5,0.750000000001,1.),.UNSPECIFIED.);
#2693 = CARTESIAN_POINT('',(0.,275.296791,681.48410011565));
#2694 = CARTESIAN_POINT('',(10.207817379521,275.296791,681.48410011565)
  );
#2695 = CARTESIAN_POINT('',(20.422285916438,275.296791,680.33906349899)
  );
#2696 = CARTESIAN_POINT('',(30.483177971135,275.296791,678.04639422044)
  );
#2697 = CARTESIAN_POINT('',(40.241134131471,275.296791,674.6334513304));
#2698 = CARTESIAN_POINT('',(49.554366163941,275.296791,670.14684942044)
  );
#2699 = CARTESIAN_POINT('',(58.289653154731,275.296791,664.6538864175));
#2700 = CARTESIAN_POINT('',(66.322036279645,275.296791,658.24082960527)
  );
#2701 = CARTESIAN_POINT('',(80.758070060013,275.296791,643.8047958249));
#2702 = CARTESIAN_POINT('',(87.171126872374,275.296791,635.77241269991)
  );
#2703 = CARTESIAN_POINT('',(92.664089875017,275.296791,627.03712570913)
  );
#2704 = CARTESIAN_POINT('',(97.150691785397,275.296791,617.7238936769));
#2705 = CARTESIAN_POINT('',(100.56363467508,275.296791,607.96593751611)
  );
#2706 = CARTESIAN_POINT('',(102.8563039538,275.296791,597.90504546181));
#2707 = CARTESIAN_POINT('',(104.00134057043,275.296791,587.69057692472)
  );
#2708 = CARTESIAN_POINT('',(104.00134057043,275.296791,567.27494216572)
  );
#2709 = CARTESIAN_POINT('',(102.85630395374,275.296791,557.06047362874)
  );
#2710 = CARTESIAN_POINT('',(100.5636346753,275.296791,546.99958157421));
#2711 = CARTESIAN_POINT('',(97.150691785064,275.296791,537.24162541361)
  );
#2712 = CARTESIAN_POINT('',(92.664089875322,275.296791,527.92839338139)
  );
#2713 = CARTESIAN_POINT('',(87.171126872233,275.296791,519.19310639045)
  );
#2714 = CARTESIAN_POINT('',(80.758070060053,275.296791,511.16072326558)
  );
#2715 = CARTESIAN_POINT('',(66.322036279669,275.296791,496.7246894852));
#2716 = CARTESIAN_POINT('',(58.289653154698,275.296791,490.31163267289)
  );
#2717 = CARTESIAN_POINT('',(49.554366163995,275.296791,484.81866967012)
  );
#2718 = CARTESIAN_POINT('',(40.241134131445,275.296791,480.33206775991)
  );
#2719 = CARTESIAN_POINT('',(30.483177971156,275.296791,476.91912487008)
  );
#2720 = CARTESIAN_POINT('',(20.42228591643,275.296791,474.62645559143));
#2721 = CARTESIAN_POINT('',(10.207817379527,275.296791,473.48141897479)
  );
#2722 = CARTESIAN_POINT('',(0.,275.296791,473.48141897479));
#2723 = PCURVE('',#2508,#2724);
#2724 = DEFINITIONAL_REPRESENTATION('',(#2725),#2756);
#2725 = B_SPLINE_CURVE_WITH_KNOTS('',8,(#2726,#2727,#2728,#2729,#2730,
    #2731,#2732,#2733,#2734,#2735,#2736,#2737,#2738,#2739,#2740,#2741,
    #2742,#2743,#2744,#2745,#2746,#2747,#2748,#2749,#2750,#2751,#2752,
    #2753,#2754,#2755),.UNSPECIFIED.,.F.,.F.,(9,7,7,7,9),(0.,
    0.250000000001,0.5,0.750000000001,1.),.UNSPECIFIED.);
#2726 = CARTESIAN_POINT('',(3.14159265359,4.274659433748));
#2727 = CARTESIAN_POINT('',(3.043441828576,4.274659433748));
#2728 = CARTESIAN_POINT('',(2.94522713226,4.274659433748));
#2729 = CARTESIAN_POINT('',(2.847047715994,4.274659433748));
#2730 = CARTESIAN_POINT('',(2.748893571891,4.274659433748));
#2731 = CARTESIAN_POINT('',(2.650739427789,4.274659433748));
#2732 = CARTESIAN_POINT('',(2.552560011521,4.274659433748));
#2733 = CARTESIAN_POINT('',(2.454345315206,4.274659433748));
#2734 = CARTESIAN_POINT('',(2.258043665179,4.274659433748));
#2735 = CARTESIAN_POINT('',(2.159828968863,4.274659433748));
#2736 = CARTESIAN_POINT('',(2.061649552593,4.274659433748));
#2737 = CARTESIAN_POINT('',(1.963495408499,4.274659433748));
#2738 = CARTESIAN_POINT('',(1.865341264386,4.274659433748));
#2739 = CARTESIAN_POINT('',(1.767161848127,4.274659433748));
#2740 = CARTESIAN_POINT('',(1.668947151808,4.274659433748));
#2741 = CARTESIAN_POINT('',(1.472645501781,4.274659433748));
#2742 = CARTESIAN_POINT('',(1.374430805465,4.274659433748));
#2743 = CARTESIAN_POINT('',(1.2762513892,4.274659433748));
#2744 = CARTESIAN_POINT('',(1.178097245094,4.274659433748));
#2745 = CARTESIAN_POINT('',(1.079943100996,4.274659433748));
#2746 = CARTESIAN_POINT('',(0.981763684726,4.274659433748));
#2747 = CARTESIAN_POINT('',(0.883548988412,4.274659433748));
#2748 = CARTESIAN_POINT('',(0.687247338384,4.274659433748));
#2749 = CARTESIAN_POINT('',(0.589032642068,4.274659433748));
#2750 = CARTESIAN_POINT('',(0.490853225801,4.274659433748));
#2751 = CARTESIAN_POINT('',(0.392699081699,4.274659433748));
#2752 = CARTESIAN_POINT('',(0.294544937596,4.274659433748));
#2753 = CARTESIAN_POINT('',(0.19636552133,4.274659433748));
#2754 = CARTESIAN_POINT('',(9.815082501378E-02,4.274659433748));
#2755 = CARTESIAN_POINT('',(0.,4.274659433748));
#2756 = ( GEOMETRIC_REPRESENTATION_CONTEXT(2) 
PARAMETRIC_REPRESENTATION_CONTEXT() REPRESENTATION_CONTEXT('2D SPACE',''
  ) );
#2757 = PCURVE('',#2625,#2758);
#2758 = DEFINITIONAL_REPRESENTATION('',(#2759),#2790);
#2759 = B_SPLINE_CURVE_WITH_KNOTS('',8,(#2760,#2761,#2762,#2763,#2764,
    #2765,#2766,#2767,#2768,#2769,#2770,#2771,#2772,#2773,#2774,#2775,
    #2776,#2777,#2778,#2779,#2780,#2781,#2782,#2783,#2784,#2785,#2786,
    #2787,#2788,#2789),.UNSPECIFIED.,.F.,.F.,(9,7,7,7,9),(0.,
    0.250000000001,0.5,0.750000000001,1.),.UNSPECIFIED.);
#2760 = CARTESIAN_POINT('',(409.94134064156,305.94000007112));
#2761 = CARTESIAN_POINT('',(409.94134064156,316.14781745064));
#2762 = CARTESIAN_POINT('',(408.79630402489,326.36228598756));
#2763 = CARTESIAN_POINT('',(406.50363474634,336.42317804226));
#2764 = CARTESIAN_POINT('',(403.0906918563,346.18113420259));
#2765 = CARTESIAN_POINT('',(398.60408994634,355.49436623506));
#2766 = CARTESIAN_POINT('',(393.1111269434,364.22965322585));
#2767 = CARTESIAN_POINT('',(386.69807013117,372.26203635077));
#2768 = CARTESIAN_POINT('',(372.2620363508,386.69807013113));
#2769 = CARTESIAN_POINT('',(364.22965322582,393.1111269435));
#2770 = CARTESIAN_POINT('',(355.49436623503,398.60408994614));
#2771 = CARTESIAN_POINT('',(346.1811342028,403.09069185652));
#2772 = CARTESIAN_POINT('',(336.42317804201,406.5036347462));
#2773 = CARTESIAN_POINT('',(326.36228598771,408.79630402493));
#2774 = CARTESIAN_POINT('',(316.14781745062,409.94134064155));
#2775 = CARTESIAN_POINT('',(295.73218269162,409.94134064156));
#2776 = CARTESIAN_POINT('',(285.51771415464,408.79630402487));
#2777 = CARTESIAN_POINT('',(275.45682210011,406.50363474642));
#2778 = CARTESIAN_POINT('',(265.69886593951,403.09069185619));
#2779 = CARTESIAN_POINT('',(256.38563390729,398.60408994644));
#2780 = CARTESIAN_POINT('',(247.65034691635,393.11112694335));
#2781 = CARTESIAN_POINT('',(239.61796379148,386.69807013117));
#2782 = CARTESIAN_POINT('',(225.1819300111,372.26203635079));
#2783 = CARTESIAN_POINT('',(218.76887319879,364.22965322582));
#2784 = CARTESIAN_POINT('',(213.27591019602,355.49436623512));
#2785 = CARTESIAN_POINT('',(208.78930828581,346.18113420257));
#2786 = CARTESIAN_POINT('',(205.37636539598,336.42317804228));
#2787 = CARTESIAN_POINT('',(203.08369611733,326.36228598755));
#2788 = CARTESIAN_POINT('',(201.93865950069,316.14781745065));
#2789 = CARTESIAN_POINT('',(201.93865950069,305.94000007112));
#2790 = ( GEOMETRIC_REPRESENTATION_CONTEXT(2) 
PARAMETRIC_REPRESENTATION_CONTEXT() REPRESENTATION_CONTEXT('2D SPACE',''
  ) );
#2791 = ORIENTED_EDGE('',*,*,#2531,.T.);
#2792 = ORIENTED_EDGE('',*,*,#2493,.T.);
#2793 = ORIENTED_EDGE('',*,*,#2664,.F.);
#2794 = ADVANCED_FACE('',(#2795,#2799),#2625,.T.);
#2795 = FACE_BOUND('',#2796,.T.);
#2796 = EDGE_LOOP('',(#2797,#2798));
#2797 = ORIENTED_EDGE('',*,*,#2555,.T.);
#2798 = ORIENTED_EDGE('',*,*,#2690,.T.);
#2799 = FACE_BOUND('',#2800,.T.);
#2800 = EDGE_LOOP('',(#2801,#2832));
#2801 = ORIENTED_EDGE('',*,*,#2802,.F.);
#2802 = EDGE_CURVE('',#2803,#2805,#2807,.T.);
#2803 = VERTEX_POINT('',#2804);
#2804 = CARTESIAN_POINT('',(-1.577402893423E-14,275.29679123713,
    486.99775954522));
#2805 = VERTEX_POINT('',#2806);
#2806 = CARTESIAN_POINT('',(-2.685524549632E-14,275.29679123713,
    667.96775954522));
#2807 = SURFACE_CURVE('',#2808,(#2813,#2820),.PCURVE_S1.);
#2808 = CIRCLE('',#2809,90.485);
#2809 = AXIS2_PLACEMENT_3D('',#2810,#2811,#2812);
#2810 = CARTESIAN_POINT('',(-1.577402893423E-14,275.29679123713,
    577.48275954522));
#2811 = DIRECTION('',(-6.475400626674E-17,1.,6.585737027495E-19));
#2812 = DIRECTION('',(0.,6.585737027495E-19,-1.));
#2813 = PCURVE('',#2625,#2814);
#2814 = DEFINITIONAL_REPRESENTATION('',(#2815),#2819);
#2815 = CIRCLE('',#2816,90.485);
#2816 = AXIS2_PLACEMENT_2D('',#2817,#2818);
#2817 = CARTESIAN_POINT('',(305.94000007112,305.94000007112));
#2818 = DIRECTION('',(-1.,0.));
#2819 = ( GEOMETRIC_REPRESENTATION_CONTEXT(2) 
PARAMETRIC_REPRESENTATION_CONTEXT() REPRESENTATION_CONTEXT('2D SPACE',''
  ) );
#2820 = PCURVE('',#2821,#2826);
#2821 = PLANE('',#2822);
#2822 = AXIS2_PLACEMENT_3D('',#2823,#2824,#2825);
#2823 = CARTESIAN_POINT('',(-1.577402893423E-14,275.29679123713,
    577.48275954522));
#2824 = DIRECTION('',(-6.475400626674E-17,1.,6.585737027495E-19));
#2825 = DIRECTION('',(0.,6.585737027495E-19,-1.));
#2826 = DEFINITIONAL_REPRESENTATION('',(#2827),#2831);
#2827 = CIRCLE('',#2828,90.485);
#2828 = AXIS2_PLACEMENT_2D('',#2829,#2830);
#2829 = CARTESIAN_POINT('',(0.,0.));
#2830 = DIRECTION('',(1.,0.));
#2831 = ( GEOMETRIC_REPRESENTATION_CONTEXT(2) 
PARAMETRIC_REPRESENTATION_CONTEXT() REPRESENTATION_CONTEXT('2D SPACE',''
  ) );
#2832 = ORIENTED_EDGE('',*,*,#2833,.F.);
#2833 = EDGE_CURVE('',#2805,#2803,#2834,.T.);
#2834 = SURFACE_CURVE('',#2835,(#2840,#2847),.PCURVE_S1.);
#2835 = CIRCLE('',#2836,90.485);
#2836 = AXIS2_PLACEMENT_3D('',#2837,#2838,#2839);
#2837 = CARTESIAN_POINT('',(-1.577402893423E-14,275.29679123713,
    577.48275954522));
#2838 = DIRECTION('',(-6.475400626674E-17,1.,6.585737027495E-19));
#2839 = DIRECTION('',(0.,6.585737027495E-19,-1.));
#2840 = PCURVE('',#2625,#2841);
#2841 = DEFINITIONAL_REPRESENTATION('',(#2842),#2846);
#2842 = CIRCLE('',#2843,90.485);
#2843 = AXIS2_PLACEMENT_2D('',#2844,#2845);
#2844 = CARTESIAN_POINT('',(305.94000007112,305.94000007112));
#2845 = DIRECTION('',(-1.,0.));
#2846 = ( GEOMETRIC_REPRESENTATION_CONTEXT(2) 
PARAMETRIC_REPRESENTATION_CONTEXT() REPRESENTATION_CONTEXT('2D SPACE',''
  ) );
#2847 = PCURVE('',#2821,#2848);
#2848 = DEFINITIONAL_REPRESENTATION('',(#2849),#2853);
#2849 = CIRCLE('',#2850,90.485);
#2850 = AXIS2_PLACEMENT_2D('',#2851,#2852);
#2851 = CARTESIAN_POINT('',(0.,0.));
#2852 = DIRECTION('',(1.,0.));
#2853 = ( GEOMETRIC_REPRESENTATION_CONTEXT(2) 
PARAMETRIC_REPRESENTATION_CONTEXT() REPRESENTATION_CONTEXT('2D SPACE',''
  ) );
#2854 = ADVANCED_FACE('',(#2855,#2910),#2821,.T.);
#2855 = FACE_BOUND('',#2856,.F.);
#2856 = EDGE_LOOP('',(#2857,#2888));
#2857 = ORIENTED_EDGE('',*,*,#2858,.T.);
#2858 = EDGE_CURVE('',#2859,#2861,#2863,.T.);
#2859 = VERTEX_POINT('',#2860);
#2860 = CARTESIAN_POINT('',(-1.577402893423E-14,275.29679123713,
    517.15775954522));
#2861 = VERTEX_POINT('',#2862);
#2862 = CARTESIAN_POINT('',(-2.316171075009E-14,275.29679123713,
    637.80775954522));
#2863 = SURFACE_CURVE('',#2864,(#2869,#2876),.PCURVE_S1.);
#2864 = CIRCLE('',#2865,60.325);
#2865 = AXIS2_PLACEMENT_3D('',#2866,#2867,#2868);
#2866 = CARTESIAN_POINT('',(-1.577402893423E-14,275.29679123713,
    577.48275954522));
#2867 = DIRECTION('',(-6.475400626674E-17,1.,6.585737027495E-19));
#2868 = DIRECTION('',(0.,6.585737027495E-19,-1.));
#2869 = PCURVE('',#2821,#2870);
#2870 = DEFINITIONAL_REPRESENTATION('',(#2871),#2875);
#2871 = CIRCLE('',#2872,60.325);
#2872 = AXIS2_PLACEMENT_2D('',#2873,#2874);
#2873 = CARTESIAN_POINT('',(0.,0.));
#2874 = DIRECTION('',(1.,0.));
#2875 = ( GEOMETRIC_REPRESENTATION_CONTEXT(2) 
PARAMETRIC_REPRESENTATION_CONTEXT() REPRESENTATION_CONTEXT('2D SPACE',''
  ) );
#2876 = PCURVE('',#2877,#2882);
#2877 = PLANE('',#2878);
#2878 = AXIS2_PLACEMENT_3D('',#2879,#2880,#2881);
#2879 = CARTESIAN_POINT('',(-305.9400000711,275.296791,271.5427594741));
#2880 = DIRECTION('',(-0.,1.,0.));
#2881 = DIRECTION('',(0.,0.,1.));
#2882 = DEFINITIONAL_REPRESENTATION('',(#2883),#2887);
#2883 = CIRCLE('',#2884,60.325);
#2884 = AXIS2_PLACEMENT_2D('',#2885,#2886);
#2885 = CARTESIAN_POINT('',(305.94000007112,305.94000007112));
#2886 = DIRECTION('',(-1.,0.));
#2887 = ( GEOMETRIC_REPRESENTATION_CONTEXT(2) 
PARAMETRIC_REPRESENTATION_CONTEXT() REPRESENTATION_CONTEXT('2D SPACE',''
  ) );
#2888 = ORIENTED_EDGE('',*,*,#2889,.T.);
#2889 = EDGE_CURVE('',#2861,#2859,#2890,.T.);
#2890 = SURFACE_CURVE('',#2891,(#2896,#2903),.PCURVE_S1.);
#2891 = CIRCLE('',#2892,60.325);
#2892 = AXIS2_PLACEMENT_3D('',#2893,#2894,#2895);
#2893 = CARTESIAN_POINT('',(-1.577402893423E-14,275.29679123713,
    577.48275954522));
#2894 = DIRECTION('',(-6.475400626674E-17,1.,6.585737027495E-19));
#2895 = DIRECTION('',(0.,6.585737027495E-19,-1.));
#2896 = PCURVE('',#2821,#2897);
#2897 = DEFINITIONAL_REPRESENTATION('',(#2898),#2902);
#2898 = CIRCLE('',#2899,60.325);
#2899 = AXIS2_PLACEMENT_2D('',#2900,#2901);
#2900 = CARTESIAN_POINT('',(0.,0.));
#2901 = DIRECTION('',(1.,0.));
#2902 = ( GEOMETRIC_REPRESENTATION_CONTEXT(2) 
PARAMETRIC_REPRESENTATION_CONTEXT() REPRESENTATION_CONTEXT('2D SPACE',''
  ) );
#2903 = PCURVE('',#2877,#2904);
#2904 = DEFINITIONAL_REPRESENTATION('',(#2905),#2909);
#2905 = CIRCLE('',#2906,60.325);
#2906 = AXIS2_PLACEMENT_2D('',#2907,#2908);
#2907 = CARTESIAN_POINT('',(305.94000007112,305.94000007112));
#2908 = DIRECTION('',(-1.,0.));
#2909 = ( GEOMETRIC_REPRESENTATION_CONTEXT(2) 
PARAMETRIC_REPRESENTATION_CONTEXT() REPRESENTATION_CONTEXT('2D SPACE',''
  ) );
#2910 = FACE_BOUND('',#2911,.F.);
#2911 = EDGE_LOOP('',(#2912,#2913));
#2912 = ORIENTED_EDGE('',*,*,#2802,.F.);
#2913 = ORIENTED_EDGE('',*,*,#2833,.F.);
#2914 = ADVANCED_FACE('',(#2915),#2877,.T.);
#2915 = FACE_BOUND('',#2916,.T.);
#2916 = EDGE_LOOP('',(#2917,#2918));
#2917 = ORIENTED_EDGE('',*,*,#2858,.T.);
#2918 = ORIENTED_EDGE('',*,*,#2889,.T.);
#2919 = ( GEOMETRIC_REPRESENTATION_CONTEXT(3) 
GLOBAL_UNCERTAINTY_ASSIGNED_CONTEXT((#2923)) 
GLOBAL_UNIT_ASSIGNED_CONTEXT((#2920,#2921,#2922)) REPRESENTATION_CONTEXT
('Context #1','3D Context with UNIT and UNCERTAINTY') );
#2920 = ( LENGTH_UNIT() NAMED_UNIT(*) SI_UNIT(.MILLI.,.METRE.) );
#2921 = ( NAMED_UNIT(*) PLANE_ANGLE_UNIT() SI_UNIT($,.RADIAN.) );
#2922 = ( NAMED_UNIT(*) SI_UNIT($,.STERADIAN.) SOLID_ANGLE_UNIT() );
#2923 = UNCERTAINTY_MEASURE_WITH_UNIT(LENGTH_MEASURE(2.E-07),#2920,
  'distance_accuracy_value','confusion accuracy');
#2924 = PRODUCT_RELATED_PRODUCT_CATEGORY('part',$,(#7));
ENDSEC;
END-ISO-10303-21;
